1,the
2,and
3,for
4,that
5,this
6,with
7,you
8,not
9,are
10,from
11,all
12,have
13,new
14,more
15,home
16,can
17,about
18,page
19,has
20,search
21,free
22,but
23,our
24,one
25,other
26,time
27,site
28,may
29,which
30,news
31,out
32,use
33,any
34,see
35,only
36,his
37,contact
38,here
39,business
40,web
41,now
42,help
43,get
44,view
45,online
46,first
47,been
48,how
49,services
50,some
51,click
52,its
53,service
54,than
55,find
56,date
57,back
58,top
59,had
60,list
61,name
62,just
63,over
64,state
65,year
66,day
67,into
68,email
69,two
70,health
71,next
72,used
73,work
74,last
75,data
76,make
77,them
78,should
79,product
80,system
81,post
82,her
83,city
84,add
85,policy
86,number
87,support
88,message
89,after
90,best
91,then
92,video
93,info
94,public
95,high
96,links
97,she
98,order
99,very
100,book
101,items
102,read
103,group
104,need
105,many
106,user
107,said
108,does
109,set
110,under
111,general
112,mail
113,full
114,map
115,program
116,life
117,know
118,way
119,days
120,management
121,part
122,real
123,item
124,store
125,travel
126,comments
127,report
128,off
129,member
130,details
131,line
132,terms
133,before
134,did
135,send
136,right
137,type
138,local
139,results
140,car
141,design
142,take
143,address
144,area
145,phone
146,subject
147,long
148,based
149,code
150,show
151,even
152,check
153,index
154,sign
155,file
156,link
157,open
158,today
159,case
160,project
161,same
162,pages
163,version
164,section
165,own
166,found
167,house
168,related
169,security
170,game
171,members
172,network
173,down
174,systems
175,three
176,total
177,place
178,end
179,download
180,per
181,access
182,think
183,north
184,resources
185,current
186,big
187,media
188,control
189,water
190,history
191,size
192,art
193,personal
194,since
195,guide
196,shop
197,directory
198,board
199,location
200,change
201,text
202,rating
203,rate
204,children
205,usa
206,return
207,account
208,times
209,level
210,profile
211,previous
212,form
213,events
214,love
215,old
216,main
217,call
218,image
219,description
220,non
221,shall
222,property
223,class
224,content
225,country
226,private
227,visit
228,save
229,tools
230,low
231,reply
232,compare
233,include
234,value
235,article
236,man
237,card
238,jobs
239,provide
240,source
241,author
242,press
243,print
244,job
245,process
246,stock
247,too
248,point
249,join
250,men
251,advanced
252,look
253,left
254,team
255,estate
256,box
257,select
258,windows
259,thread
260,week
261,category
262,note
263,large
264,table
265,register
266,library
267,action
268,start
269,model
270,features
271,air
272,plan
273,required
274,second
275,hot
276,cost
277,movie
278,say
279,test
280,friend
281,come
282,dec
283,server
284,application
285,cart
286,san
287,again
288,play
289,users
290,complete
291,topic
292,comment
293,standard
294,person
295,mobile
296,less
297,got
298,login
299,let
300,legal
301,above
302,park
303,side
304,act
305,problem
306,red
307,give
308,memory
309,quote
310,language
311,story
312,options
313,rates
314,create
315,key
316,body
317,field
318,paper
319,single
320,age
321,example
322,password
323,road
324,question
325,changes
326,hard
327,oct
328,four
329,status
330,browse
331,issue
332,range
333,always
334,result
335,audio
336,light
337,write
338,war
339,blue
340,groups
341,given
342,files
343,event
344,release
345,analysis
346,request
347,fax
348,month
349,major
350,star
351,space
352,hand
353,sun
354,problems
355,rss
356,child
357,keep
358,enter
359,share
360,reference
361,energy
362,run
363,net
364,term
365,film
366,put
367,journal
368,reports
369,try
370,original
371,head
372,cell
373,color
374,self
375,includes
376,track
377,once
378,format
379,log
380,sure
381,messages
382,able
383,fun
384,green
385,close
386,common
387,drive
388,gold
389,feb
390,sep
391,collection
392,called
393,short
394,arts
395,lot
396,ask
397,display
398,means
399,director
400,daily
401,past
402,natural
403,upon
404,period
405,planning
406,database
407,weather
408,mar
409,land
410,average
411,done
412,window
413,pro
414,region
415,island
416,record
417,direct
418,environment
419,calendar
420,style
421,url
422,front
423,statement
424,update
425,parts
426,ever
427,sound
428,resource
429,present
430,document
431,word
432,works
433,bill
434,apr
435,final
436,centre
437,true
438,minutes
439,mark
440,bad
441,individual
442,tips
443,plus
444,auto
445,cover
446,edit
447,percent
448,fast
449,function
450,fact
451,unit
452,global
453,tech
454,far
455,player
456,projects
457,amount
458,included
459,words
460,linux
461,weight
462,choose
463,points
464,error
465,camera
466,jun
467,registered
468,clear
469,receive
470,domain
471,methods
472,makes
473,policies
474,loan
475,wide
476,manager
477,india
478,position
479,sort
480,models
481,known
482,step
483,simple
484,quick
485,none
486,basic
487,method
488,active
489,response
490,hardware
491,figure
492,fire
493,holiday
494,chat
495,death
496,speed
497,html
498,loss
499,face
500,created
501,bit
502,yellow
503,increase
504,base
505,environmental
506,storage
507,entry
508,nature
509,orders
510,turn
511,mean
512,notes
513,king
514,copy
515,pics
516,force
517,river
518,package
519,contents
520,seen
521,players
522,engine
523,port
524,stop
525,started
526,bar
527,double
528,build
529,screen
530,exchange
531,types
532,lines
533,continue
534,apply
535,printer
536,condition
537,effect
538,eur
539,mind
540,selection
541,pdf
542,lost
543,tour
544,menu
545,volume
546,cross
547,wish
548,solution
549,role
550,came
551,usr
552,mon
553,com
554,fine
555,names
556,hour
557,gas
558,six
559,leave
560,pre
561,sat
562,zip
563,kind
564,middle
565,move
566,values
567,coming
568,object
569,machine
570,logo
571,length
572,score
573,client
574,follow
575,sample
576,sent
577,band
578,choice
579,fri
580,outside
581,levels
582,channel
583,mode
584,structure
585,allow
586,contract
587,button
588,wed
589,super
590,male
591,matter
592,custom
593,distribution
594,editor
595,inn
596,cause
597,potential
598,los
599,focus
600,late
601,fall
602,inc
603,win
604,associated
605,primary
606,reason
607,tool
608,browser
609,spring
610,schedule
611,communication
612,feature
613,bed
614,physical
615,maps
616,hold
617,ratings
618,forms
619,safe
620,unique
621,prior
622,ready
623,feed
624,sources
625,regular
626,secure
627,station
628,round
629,option
630,master
631,thu
632,sea
633,cut
634,connection
635,hall
636,anti
637,networks
638,transfer
639,strong
640,tel
641,properties
642,ground
643,overview
644,ship
645,owners
646,hair
647,command
648,express
649,distance
650,tree
651,ensure
652,wall
653,extra
654,interface
655,success
656,operation
657,existing
658,selected
659,warning
660,locations
661,lists
662,owner
663,ways
664,est
665,son
666,rule
667,mac
668,catalog
669,max
670,authority
671,xml
672,input
673,agent
674,valid
675,bin
676,door
677,charge
678,units
679,normal
680,wrote
681,uses
682,output
683,responsibility
684,resolution
685,java
686,publication
687,pass
688,trust
689,van
690,session
691,multi
692,components
693,completed
694,skin
695,graphics
696,prev
697,ads
698,mary
699,ring
700,pop
701,filter
702,int
703,behind
704,panel
705,match
706,default
707,require
708,allows
709,rest
710,protein
711,hit
712,pool
713,mini
714,partner
715,membership
716,mission
717,eye
718,string
719,sense
720,modified
721,pack
722,released
723,internal
724,race
725,background
726,target
727,except
728,character
729,ability
730,maybe
731,functions
732,php
733,etc
734,core
735,break
736,sets
737,defined
738,fee
739,studio
740,reader
741,virtual
742,device
743,rent
744,las
745,remote
746,programming
747,apple
748,min
749,remove
750,aid
751,surface
752,minimum
753,visual
754,host
755,block
756,agents
757,increased
758,fixed
759,updates
760,desktop
761,classes
762,gets
763,sector
764,capacity
765,fat
766,quotes
767,dead
768,unknown
769,trip
770,pst
771,tom
772,progress
773,lord
774,grant
775,sub
776,beyond
777,led
778,fan
779,former
780,implementation
781,ten
782,hits
783,zone
784,complex
785,cat
786,die
787,flat
788,flow
789,parent
790,setting
791,scale
792,stand
793,highest
794,frame
795,definition
796,path
797,bottom
798,detail
799,changed
800,pet
801,begin
802,colorado
803,clean
804,connect
805,dev
806,vol
807,suite
808,advance
809,skip
810,gear
811,lee
812,allowed
813,correct
814,nation
815,piece
816,sheet
817,firm
818,seven
819,older
820,elements
821,jump
822,cells
823,module
824,random
825,certificate
826,motion
827,documentation
828,monitor
829,calls
830,coverage
831,ball
832,clients
833,actions
834,listen
835,accept
836,goal
837,sold
838,wind
839,appear
840,patient
841,actual
842,bob
843,tests
844,met
845,pain
846,www
847,settings
848,root
849,closed
850,holidays
851,ice
852,balance
853,shot
854,initial
855,label
856,thinking
857,llc
858,sec
859,minute
860,bus
861,provider
862,optional
863,phase
864,fields
865,bag
866,context
867,install
868,foot
869,count
870,ibm
871,patch
872,wild
873,miss
874,task
875,nor
876,component
877,enable
878,bug
879,mid
880,diamond
881,soft
882,servers
883,seconds
884,keyword
885,username
886,walk
887,wait
888,supported
889,freedom
890,argument
891,fresh
892,characters
893,factor
894,stream
895,pick
896,entries
897,dates
898,signed
899,upper
900,limit
901,errors
902,shops
903,del
904,sorted
905,platform
906,load
907,admin
908,tags
909,recovery
910,configuration
911,drop
912,cds
913,presentation
914,languages
915,theme
916,rich
917,marine
918,examples
919,touch
920,election
921,branch
922,serve
923,reasons
924,magic
925,mount
926,smart
927,latin
928,manage
929,corner
930,rank
931,element
932,requests
933,quarter
934,tables
935,define
936,facts
937,column
938,chain
939,missing
940,mental
941,viewed
942,sequence
943,inch
944,attack
945,lab
946,counter
947,failure
948,dollar
949,camp
950,des
951,films
952,native
953,fill
954,printing
955,chart
956,readers
957,lcd
958,equal
959,matching
960,variable
961,ave
962,expect
963,codes
964,kinds
965,extension
966,fort
967,gene
968,tried
969,disc
970,pattern
971,icon
972,direction
973,objects
974,delete
975,assembly
976,mouse
977,signal
978,false
979,cast
980,passed
981,pic
982,stats
983,carry
984,flag
985,priority
986,clips
987,graphic
988,atom
989,binding
990,eight
991,iron
992,script
993,void
994,alert
995,tag
996,mix
997,framework
998,fix
999,handle
1000,desk
1001,vice
1002,associate
1003,behavior
1004,ray
1005,measure
1006,gain
1007,signs
1008,depth
1009,train
1010,spa
1011,handling
1012,origin
1013,destination
1014,con
1015,ups
1016,route
1017,zoom
1018,protocol
1019,query
1020,clip
1021,expression
1022,shared
1023,sounds
1024,bytes
1025,cent
1026,height
1027,null
1028,designer
1029,managed
1030,failed
1031,roll
1032,secret
1033,negative
1034,var
1035,perform
1036,font
1037,figures
1038,portal
1039,fail
1040,assist
1041,calling
1042,parameters
1043,profiles
1044,doc
1045,minor
1046,finish
1047,performed
1048,samples
1049,row
1050,singles
1051,cycle
1052,contain
1053,dual
1054,usd
1055,creation
1056,scene
1057,writer
1058,dynamic
1059,eat
1060,permanent
1061,dell
1062,colour
1063,intel
1064,utilities
1065,aim
1066,recording
1067,les
1068,cape
1069,ann
1070,rings
1071,tip
1072,ski
1073,math
1074,import
1075,instant
1076,automatic
1077,dan
1078,moon
1079,scheme
1080,matrix
1081,proper
1082,delta
1083,inches
1084,colors
1085,alpha
1086,adobe
1087,tea
1088,trees
1089,avg
1090,dress
1091,rom
1092,hide
1093,signature
1094,refer
1095,frames
1096,layer
1097,src
1098,hip
1099,adding
1100,eric
1101,spot
1102,spend
1103,factory
1104,clock
1105,dot
1106,identity
1107,conversion
1108,hidden
1109,serial
1110,ratio
1111,pda
1112,rain
1113,onto
1114,dsl
1115,webmaster
1116,dna
1117,diff
1118,empty
1119,instance
1120,ride
1121,tim
1122,sql
1123,pair
1124,don
1125,pieces
1126,finished
1127,javascript
1128,evil
1129,certificates
1130,stations
1131,gps
1132,acc
1133,operator
1134,generic
1135,usage
1136,cap
1137,ink
1138,exist
1139,wheel
1140,transit
1141,angel
1142,bell
1143,attempt
1144,receiving
1145,width
1146,noise
1147,engines
1148,array
1149,reservations
1150,pin
1151,instruction
1152,annotation
1153,raw
1154,gnu
1155,ben
1156,kill
1157,export
1158,modules
1159,versions
1160,percentage
1161,expand
1162,ages
1163,plug
1164,cook
1165,hat
1166,directed
1167,perl
1168,lib
1169,plate
1170,favourite
1171,transmission
1172,utc
1173,der
1174,lose
1175,seek
1176,variables
1177,cam
1178,template
1179,responses
1180,ram
1181,matt
1182,sizes
1183,plain
1184,arm
1185,keys
1186,launch
1187,wave
1188,acts
1189,mesh
1190,trail
1191,setup
1192,poll
1193,styles
1194,unix
1195,bond
1196,channels
1197,notify
1198,pub
1199,scope
1200,border
1201,starts
1202,opened
1203,disabled
1204,jean
1205,hop
1206,constant
1207,meter
1208,linked
1209,gun
1210,reflect
1211,reform
1212,lens
1213,draw
1214,mysql
1215,confirm
1216,offline
1217,leaves
1218,replace
1219,connections
1220,converter
1221,checks
1222,sam
1223,stick
1224,enabled
1225,slide
1226,exact
1227,bound
1228,parameter
1229,adapter
1230,processor
1231,node
1232,lock
1233,mile
1234,editors
1235,mens
1236,threads
1237,ref
1238,kid
1239,cancel
1240,transaction
1241,paint
1242,delay
1243,resulting
1244,initiative
1245,pan
1246,execution
1247,bulletin
1248,modify
1249,slot
1250,psp
1251,gray
1252,broad
1253,und
1254,terminal
1255,loop
1256,reservation
1257,nfl
1258,resume
1259,prepare
1260,illegal
1261,expansion
1262,vary
1263,rome
1264,arab
1265,keyboard
1266,lunch
1267,push
1268,iso
1269,implement
1270,polls
1271,typical
1272,sum
1273,misc
1274,alan
1275,shell
1276,vat
1277,measurement
1278,sir
1279,finder
1280,unable
1281,periods
1282,kim
1283,const
1284,visitor
1285,twin
1286,insert
1287,dont
1288,drawing
1289,transition
1290,spy
1291,instrument
1292,split
1293,heaven
1294,bits
1295,egypt
1296,blocks
1297,suit
1298,shift
1299,res
1300,sit
1301,favourites
1302,mapping
1303,char
1304,indexed
1305,superior
1306,saved
1307,choices
1308,carbon
1309,interaction
1310,registry
1311,bright
1312,header
1313,formed
1314,echo
1315,que
1316,grid
1317,dependent
1318,banner
1319,fig
1320,ports
1321,sensitive
1322,tab
1323,concrete
1324,editing
1325,folder
1326,css
1327,upload
1328,pulse
1329,calculate
1330,broadcast
1331,nick
1332,accessible
1333,plot
1334,controller
1335,trailer
1336,anne
1337,castle
1338,labels
1339,bio
1340,stored
1341,exam
1342,strange
1343,pcs
1344,bold
1345,stable
1346,opera
1347,asset
1348,scan
1349,generate
1350,aged
1351,exception
1352,duration
1353,bulk
1354,sci
1355,edt
1356,domains
1357,capabilities
1358,sin
1359,cute
1360,para
1361,capture
1362,desire
1363,mechanism
1364,peer
1365,medline
1366,marshall
1367,ing
1368,columns
1369,ftp
1370,inner
1371,med
1372,entity
1373,gate
1374,holder
1375,roman
1376,tone
1377,leg
1378,wing
1379,abc
1380,commit
1381,tiny
1382,rail
1383,gap
1384,cache
1385,belt
1386,animation
1387,oracle
1388,lease
1389,console
1390,commands
1391,biz
1392,alarm
1393,angle
1394,rob
1395,liberty
1396,era
1397,convert
1398,attachment
1399,asp
1400,dial
1401,jet
1402,par
1403,apache
1404,filters
1405,blind
1406,mad
1407,algorithm
1408,ken
1409,exp
1410,pen
1411,elected
1412,sand
1413,cpu
1414,ran
1415,actor
1416,finds
1417,vertical
1418,structural
1419,pipe
1420,simulation
1421,layout
1422,ill
1423,lay
1424,lol
1425,worker
1426,wings
1427,thin
1428,prefer
1429,mph
1430,collect
1431,bet
1432,composition
1433,vector
1434,buffer
1435,def
1436,attribute
1437,throw
1438,trend
1439,visible
1440,nba
1441,greg
1442,epa
1443,spaces
1444,escape
1445,receiver
1446,ron
1447,graph
1448,explanation
1449,org
1450,hist
1451,desired
1452,inter
1453,shadow
1454,mall
1455,studios
1456,dad
1457,pat
1458,dublin
1459,creates
1460,faces
1461,digest
1462,reg
1463,tion
1464,kings
1465,adds
1466,nsw
1467,ear
1468,flags
1469,tie
1470,ward
1471,ian
1472,visited
1473,experiment
1474,targets
1475,mod
1476,queries
1477,bmw
1478,rush
1479,cluster
1480,mpeg
1481,rico
1482,partial
1483,ranking
1484,cst
1485,http
1486,wins
1487,verify
1488,rack
1489,medication
1490,rep
1491,mit
1492,boss
1493,ross
1494,anna
1495,ignore
1496,uniform
1497,tall
1498,attributes
1499,quest
1500,sri
1501,toe
1502,trans
1503,lifetime
1504,api
1505,acres
1506,config
1507,modes
1508,segment
1509,lan
1510,wishlist
1511,opens
1512,sms
1513,secrets
1514,repeat
1515,nec
1516,builder
1517,ease
1518,arguments
1519,arena
1520,tabs
1521,clause
1522,smile
1523,tend
1524,boost
1525,icons
1526,den
1527,aud
1528,pound
1529,lie
1530,crm
1531,chest
1532,precision
1533,amp
1534,sole
1535,usc
1536,amd
1537,appearing
1538,integrity
1539,eve
1540,reads
1541,sons
1542,leaf
1543,pad
1544,platforms
1545,billing
1546,exceed
1547,rod
1548,fault
1549,kate
1550,generator
1551,sad
1552,correction
1553,authentication
1554,cal
1555,grounds
1556,probability
1557,pot
1558,img
1559,pee
1560,mars
1561,socket
1562,orientation
1563,swing
1564,lat
1565,meta
1566,offset
1567,spin
1568,robot
1569,sur
1570,declaration
1571,attempts
1572,rev
1573,recipient
1574,soap
1575,triple
1576,jam
1577,routine
1578,toolbar
1579,axis
1580,genes
1581,scanner
1582,rio
1583,hero
1584,integer
1585,struct
1586,binary
1587,punk
1588,pace
1589,arc
1590,hosts
1591,interfaces
1592,strings
1593,deleted
1594,container
1595,app
1596,lookup
1597,texts
1598,roy
1599,ion
1600,diameter
1601,doll
1602,refine
1603,aging
1604,plugin
1605,modification
1606,reed
1607,ban
1608,temp
1609,outline
1610,fonts
1611,ent
1612,odd
1613,wrap
1614,ext
1615,framed
1616,aside
1617,allocation
1618,camps
1619,trace
1620,disposal
1621,mask
1622,inform
1623,turkish
1624,cry
1625,messaging
1626,zoo
1627,arrow
1628,tee
1629,oxygen
1630,cookie
1631,meters
1632,bibliography
1633,pointer
1634,stroke
1635,rankings
1636,cad
1637,tcp
1638,transfers
1639,surf
1640,attachments
1641,dir
1642,entities
1643,hook
1644,cord
1645,val
1646,incredible
1647,outer
1648,deaths
1649,nodes
1650,lite
1651,eng
1652,ace
1653,sing
1654,stack
1655,sue
1656,hang
1657,curve
1658,creator
1659,amber
1660,coding
1661,chi
1662,extract
1663,rfc
1664,isp
1665,ins
1666,indicator
1667,locked
1668,ruby
1669,preference
1670,canvas
1671,flows
1672,mins
1673,ssl
1674,stem
1675,proxy
1676,opt
1677,flu
1678,mlb
1679,tagged
1680,gates
1681,rap
1682,tune
1683,corn
1684,puts
1685,tin
1686,encoding
1687,oem
1688,horizontal
1689,ties
1690,rat
1691,connector
1692,combo
1693,dos
1694,tail
1695,ranch
1696,constraints
1697,mozilla
1698,byte
1699,msg
1700,cod
1701,thesis
1702,pixels
1703,gen
1704,totals
1705,distinct
1706,protocols
1707,highlight
1708,gel
1709,aaa
1710,authentic
1711,bull
1712,depend
1713,mart
1714,authorization
1715,verified
1716,std
1717,vid
1718,margin
1719,cure
1720,arch
1721,interval
1722,reset
1723,brush
1724,panels
1725,tri
1726,pal
1727,filename
1728,drawings
1729,approx
1730,arabic
1731,mat
1732,ted
1733,macro
1734,kde
1735,viewer
1736,signup
1737,destroy
1738,autos
1739,deployment
1740,stamp
1741,proc
1742,tan
1743,mate
1744,weapon
1745,comp
1746,alt
1747,pie
1748,blend
1749,cbs
1750,spec
1751,midi
1752,recover
1753,debug
1754,delayed
1755,hon
1756,exclude
1757,unto
1758,prompt
1759,lang
1760,stud
1761,fold
1762,cms
1763,diagram
1764,vic
1765,pos
1766,attach
1767,utils
1768,phys
1769,compound
1770,dialog
1771,blast
1772,mega
1773,chrome
1774,glen
1775,nav
1776,scored
1777,clone
1778,lambda
1779,oasis
1780,baseline
1781,cab
1782,ist
1783,lover
1784,lips
1785,soundtrack
1786,das
1787,loads
1788,sys
1789,observer
1790,strain
1791,drag
1792,dns
1793,pty
1794,span
1795,layers
1796,bench
1797,rider
1798,scheduling
1799,borders
1800,ash
1801,ali
1802,paste
1803,tft
1804,executed
1805,bean
1806,sword
1807,pixel
1808,float
1809,paths
1810,por
1811,mem
1812,tap
1813,scroll
1814,relate
1815,invalid
1816,execute
1817,vii
1818,bee
1819,cfr
1820,socks
1821,validation
1822,stat
1823,trigger
1824,essex
1825,clocks
1826,thee
1827,mba
1828,reload
1829,mono
1830,spell
1831,compile
1832,construct
1833,apps
1834,mag
1835,eclipse
1836,ddr
1837,rec
1838,aggregate
1839,detect
1840,knee
1841,prep
1842,chem
1843,expressions
1844,ton
1845,gif
1846,tribute
1847,elvis
1848,gpl
1849,incorrect
1850,irc
1851,particle
1852,advise
1853,bra
1854,chess
1855,phi
1856,mls
1857,strict
1858,cet
1859,tries
1860,nickname
1861,inline
1862,audi
1863,ppc
1864,div
1865,playlist
1866,plugins
1867,dist
1868,headers
1869,ons
1870,reflection
1871,sink
1872,avi
1873,ide
1874,consensus
1875,fired
1876,prot
1877,syria
1878,leo
1879,boolean
1880,circular
1881,interact
1882,snap
1883,arg
1884,identifier
1885,geo
1886,doe
1887,jpeg
1888,startup
1889,ati
1890,wal
1891,abs
1892,sim
1893,rna
1894,replica
1895,rid
1896,boom
1897,fork
1898,troy
1899,roller
1900,batch
1901,rip
1902,buf
1903,tray
1904,inputs
1905,sol
1906,sage
1907,eco
1908,bat
1909,detector
1910,msgid
1911,lip
1912,sap
1913,gather
1914,suse
1915,horizon
1916,ict
1917,grab
1918,attract
1919,beans
1920,ellis
1921,disable
1922,abilities
1923,trap
1924,observe
1925,mobiles
1926,pts
1927,ought
1928,finite
1929,fixes
1930,transform
1931,timer
1932,verse
1933,scratch
1934,comm
1935,aye
1936,bullet
1937,lace
1938,visibility
1939,ste
1940,hart
1941,ment
1942,col
1943,queue
1944,locale
1945,runner
1946,rows
1947,skins
1948,defend
1949,une
1950,tex
1951,cia
1952,poly
1953,dod
1954,neo
1955,mere
1956,cons
1957,dig
1958,nat
1959,gravity
1960,thumb
1961,restriction
1962,backgrounds
1963,gis
1964,snapshot
1965,loc
1966,expo
1967,itunes
1968,partially
1969,debut
1970,marker
1971,gui
1972,porter
1973,ver
1974,rim
1975,dis
1976,oval
1977,ser
1978,ascii
1979,tension
1980,href
1981,trash
1982,fwd
1983,disco
1984,aus
1985,incoming
1986,nam
1987,gdp
1988,closest
1989,mess
1990,lit
1991,una
1992,shade
1993,ada
1994,rope
1995,dump
1996,foo
1997,gba
1998,sig
1999,saves
2000,str
2001,shadows
2002,formatting
2003,yea
2004,fur
2005,tar
2006,soc
2007,clan
2008,sync
2009,graphical
2010,dem
2011,wav
2012,shed
2013,memo
2014,ham
2015,tide
2016,partition
2017,reel
2018,bind
2019,rand
2020,tba
2021,acre
2022,surround
2023,lows
2024,eva
2025,pest
2026,rca
2027,gst
2028,bon
2029,chan
2030,tunes
2031,mas
2032,len
2033,kai
2034,dom
2035,schema
2036,obj
2037,prefix
2038,metadata
2039,texture
2040,jar
2041,tent
2042,locks
2043,dept
2044,dare
2045,lamb
2046,cos
2047,pac
2048,erp
2049,markers
2050,eds
2051,hans
2052,poet
2053,nut
2054,ambien
2055,irs
2056,lean
2057,ana
2058,mil
2059,valued
2060,lap
2061,eval
2062,ping
2063,flux
2064,derby
2065,regression
2066,intersection
2067,oman
2068,rage
2069,predict
2070,rolled
2071,asn
2072,flavor
2073,undo
2074,referenced
2075,ant
2076,apt
2077,exec
2078,inf
2079,eos
2080,uri
2081,gem
2082,varying
2083,realm
2084,rouge
2085,qld
2086,pas
2087,owen
2088,sas
2089,outputs
2090,eleven
2091,xerox
2092,dice
2093,mods
2094,dispatch
2095,hint
2096,liz
2097,pipes
2098,privilege
2099,llp
2100,asus
2101,allan
2102,sperm
2103,leon
2104,tmp
2105,ate
2106,fin
2107,mud
2108,uni
2109,tract
2110,wendy
2111,cove
2112,wrapped
2113,runtime
2114,eden
2115,incl
2116,ala
2117,decimal
2118,flex
2119,hash
2120,carb
2121,cas
2122,lined
2123,dow
2124,upc
2125,terrain
2126,dui
2127,pens
2128,yen
2129,lid
2130,mime
2131,elect
2132,rounds
2133,tions
2134,usda
2135,workstation
2136,urls
2137,adaptive
2138,computed
2139,enb
2140,owns
2141,til
2142,sticky
2143,token
2144,guru
2145,isa
2146,removable
2147,numeric
2148,pix
2149,mic
2150,clara
2151,vertex
2152,expired
2153,flush
2154,pale
2155,declare
2156,tear
2157,ata
2158,nil
2159,nest
2160,nato
2161,cop
2162,dim
2163,stan
2164,mixer
2165,mai
2166,restrict
2167,mentor
2168,freeze
2169,abu
2170,sphere
2171,lance
2172,liberia
2173,mali
2174,colon
2175,dome
2176,leu
2177,namespace
2178,align
2179,heel
2180,lou
2181,justify
2182,sip
2183,mae
2184,mel
2185,feat
2186,ntsc
2187,sic
2188,closes
2189,seq
2190,persistent
2191,conf
2192,wma
2193,cir
2194,acm
2195,norm
2196,ips
2197,distances
2198,dsc
2199,ware
2200,mia
2201,robots
2202,jade
2203,gtk
2204,workflow
2205,pose
2206,fuzzy
2207,render
2208,sen
2209,forge
2210,dts
2211,pod
2212,existed
2213,generators
2214,dat
2215,favour
2216,soa
2217,smtp
2218,generates
2219,neon
2220,lone
2221,refresh
2222,cope
2223,bool
2224,cho
2225,wit
2226,spas
2227,ind
2228,indices
2229,qui
2230,daisy
2231,cursor
2232,cleanup
2233,conditional
2234,mug
2235,compute
2236,tractor
2237,unwrap
2238,ids
2239,constraint
2240,marsh
2241,ctrl
