n,identifier,splitted_result
1,abcdef,abc-def
2,ABOR,abor
3,abracket,a-bracket
4,abspath,abs-path
5,accentsoft,accent-soft
6,acceptstring,accept-string
7,accessControl,access-control
8,ACCT,acct
9,ack,ack
10,ACL,access-control-list
11,actioncode,action-code
12,activateRadioButton,activate-radio-button
13,addCellToRow,add-cell-to-row
14,addCellToTable,add-cell-to-table
15,addch,add-ch
16,addChild,add-child
17,addClassName,add-class-name
18,addColInfo,add-col-info
19,AddHiddenLink,add-hidden-link
20,addInfo,add-info
21,addlbl,add-lbl
22,addObject,add-object
23,addObjectAt,add-object-at
24,addr,addr
25,AddressDefList,address-definition-list
26,addRowGroup,add-row-group
27,addRowToTable,add-row-to-table
28,addrs,addrs
29,addrtype,addr-type
30,adds,add-s
31,addstr,add-str
32,addStyle,add-style
33,AddToList,add-to-list
34,AddValueAccepted,add-value-accepted
35,adr,adr
36,adrs,adrs
37,aedit,a-edit
38,AFAIK,as-far-as-I-know
39,AgainForMultiNet,again-for-multi-net
40,aka,a-kind-of
41,ALERTMAIL,alert-mail
42,AlertSecs,alert-secs
43,AlignedHOSTENT,aligned-hostent
44,alink,a-link
45,alist,a-list
46,AllocatedString,allocated-string
47,AllocationList,allocation-list
48,allocToLine,alloc-to-line
49,ALTCHARSET,alt-charset
50,alturls,alt-urls
51,always,always
52,alwaysalert,always-alert
53,anAny,an-any
54,AnchorAddress,anchor-address
55,anchorline,anchor-line
56,ANYADDRESS,any-address
57,ANYEDIT,any-edit
58,anymap,any-map
59,anyToLong,any-to-long
60,anyToString,any-to-string
61,appendCharacter,append-character
62,appendList,append-list
63,appendObject,append-object
64,appendParagraph,append-paragraph
65,appendText,append-text
66,appendTitle,append-title
67,AppleShare,apple-share
68,applyStyle,apply-style
69,AreDifferent,are-different
70,arglist,arg-list
71,argcmp,arg-cmp
72,arg,arg
73,argp,arg-p
74,ArthurLibrary,arthur-library
75,ArthurSecret,arthur-secret
76,atexit,at-exit
77,atime,a-time
78,atlink,at-link
79,atsign,at-sign
80,ATTLIST,att-list
81,attributeList,attribute-list
82,attrname,attr-name
83,attrs,attrs
84,attrval,attr-val
85,auth,auth
86,AuthInfo,auth-info
87,AUTOCONF,auto-conf
88,AutoDetect,auto-detect
89,AUTOEXTEDIT,auto-ext-edit
90,AUTOGROW,auto-grow
91,autoswitch,auto-switch
92,badattr,bad-attr
93,BADCHAR,bad-char
94,BadHeaders,bad-headers
95,BADLOCPATH,bad-local-path
96,BadRequest,bad-request
97,badseq,bad-seq
98,badtag,bad-tag
99,BASEFONT,base-font
100,baselen,base-len
101,baudrates,baud-rates
102,beginAnchor,begin-anchor
103,beginAppend,begin-append
104,beginDateRange,begin-date-range
105,beginForm,begin-form
106,beginInput,begin-input
107,BeginInternalPage,begin-internal-page
108,beginSelect,begin-select
109,bestMatch,best-match
110,bestmime,best-mime
111,BGSOUND,bg-sound
112,bias,bias
113,bibhost,bib-host
114,bibhostIcon,bib-host-icon
115,Biblioentry,bib-entry
116,bindtextdomain,bind-text-domain
117,BINEQ,binary-equal
118,bInheritHandle,b-inherit-handle
119,Binhex,bin-hex
120,bitAtPos,bit-at-pos
121,bitsPerByte,bits-per-byte
122,bittoupper,bit-to-upper
123,BlankExtent,blank-extent
124,Blockquote,block-quote
125,bodyparts,body-parts
126,BODYTEXT,body-text
127,BookmarkPage,bookmark-page
128,BookReader,book-reader
129,BreakFlag,break-flag
130,breakfor,break-for
131,breakpoints,break-points
132,BSDselect,bsd-select
133,bufcoded,buf-coded
134,BufferAddress,buffer-address
135,BufferLength,buffer-length
136,bufferload,buffer-load
137,buffstack,buffer-stack
138,buflen,buffer-len
139,bufout,buffer-out
140,bufp,buf-pointer
141,bufplain,buf-plain
142,BUFSIZ,buf-siz
143,bufsize,buf-size
144,BUILDALL,build-all
145,BuildCommand,build-command
146,byAnyName,by-any-name
147,byMIME,by-mime
148,ByteSize,byte-size
149,BytesReceived,bytes-received
150,BytesReported,bytes-reported
151,bytetrans,byte-trans
152,CacheThru,cache-thru
153,callerData,caller-data
154,CancelPrint,cancel-print
155,cancelRowSpans,cancel-row-spans
156,cancelStbl,cancel-stbl
157,canclose,cancel-close
158,CannotPrint,cannot-print
159,canonname,canonical-name
160,canreparse,can-reparse
161,canScrollDown,can-scroll-down
162,canScrollUp,can-scroll-up
163,CanTrimTextArea,can-trim-text-area
164,CAP,cap
165,casecomp,case-comp
166,caseless,case-less
167,caselessCmpList,case-less-cmp-list
168,cellinfo,cell-info
169,cellstate,cell-state
170,CERNLIB,cern-lib
171,cernvax,cern-vax
172,cfgBzip,cfg-bzip
173,cfile,c-file
174,cFileName,c-file-name
175,cfg,cfg
176,charptr,char-ptr
177,charset,charset
178,charsets,charsets
179,charstring,char-string
180,chartrans,char-trans
181,CharUtil,char-util
182,chceked,char-cheked
183,chdir,chdir
184,checkAccess,check-access
185,checkbox,check-box
186,checkboxes,check-boxes
187,CheckDir,check-dir
188,checkonly,check-only
189,checkPtr,check-ptr
190,ChildAnchor,child-anchor
191,childNextNumber,child-next-number
192,chunkCode,chunk-code
193,chunkIDLen,chunk-id-len
194,chunkMarker,chunk-marker
195,ChunkStart,chunk-start
196,ciphertext,cipher-text
197,citehost,cite-host
198,CJKfile,cjk-file
199,CJKinput,cjk-input
200,CKBOARD,check-board
201,classless,class-less
202,classname,class-name
203,classstart,class-start
204,cleanUpWaisSearchResponse,cleanup-wais-search-response
205,clearok,clear-ok
206,clearProtections,clear-protections
207,clearSourceCache,clear-source-cache
208,cleartext,clear-text
209,closebracket,close-bracket
210,closedir,close-dir
211,CloseHandle,close-handle
212,closelog,close-log
213,cmdbuf,cmd-buf
214,cmdline,cmd-line
215,cmdlist,cmd-list
216,cmds,cmds
217,cmdtab,cmd-tab
218,cmp,cmp
219,cntrl,cntrl
220,codebase,code-base
221,CodeManagExec,code-manage-exec
222,codepage,code-page
223,codepages,code-pages
224,codepoints,code-points
225,CODESET,code-set
226,codetype,code-type
227,CodingStandards,coding-standards
228,colgroup,col-group
229,colinfo,col-info
230,colorattr,color-attr
231,ColorCode,color-code
232,colorp,color-p
233,colorpairs,color-pairs
234,colorstylestuff,color-style-stuff
235,COLORTERM,color-term
236,cols,cols
237,colspan,col-span
238,CombinedCookie,combined-cookie
239,CombinedCookies,combined-cookies
240,commandline,command-line
241,commentURL,comment-url
242,companyCodes,company-codes
243,CompareEnvVars,compare-env-vars
244,compileopts,compile-options
245,composeAuth,compose-auth
246,composeAuthResult,compose-auth-result
247,Compr,comp
248,writtenCompressedIntSize,written-compressed-int-size
249,compresses,compresses
250,CompressFileType,compress-file-type
251,configinfo,config-info
252,contenttype,content-type
253,continueBit,continue-bit
254,controlstring,control-string
255,copyUCInfoStage,copy-uc-info-stage
256,CountFrees,count-frees
257,CountMallocs,count-mallocs
258,CpOrdinal,cp-ordinal
259,CreateProcess,create-process
260,CreateThread,create-thread
261,CSHASHSIZE,cs-hash-size
262,cshelpfile,cs-help-file
263,csname,cs-name
264,CSOfield,cso-field
265,CSOfields,cso-fields
266,CSOformgen,cso-form-gen
267,CSOreport,cso-report
268,CSSTRIM,cs-strim
269,CSTFreeDocObj,cst-free-doc-obj
270,CSTFreeWAISDocHeadlines,cst-free-wais-doc-headlines
271,CSTFreeWAISDocumentCodes,cst-free-wais-document-codes
272,CSTFreeWAISDocumentHeader,cst-free-wais-document-header
273,CSTFreeWAISDocumentLongHeader,cst-free-wais-document-long-header
274,CSTFreeWAISDocumentShortHeader,cst-free-wais-document-short-header
275,CSTFreeWAISDocumentText,cst-free-wais-document-text
276,CSTFreeWAISInitResponse,cst-free-wais-init-response
277,CSTFreeWAISSearch,cst-free-wais-search
278,CSTFreeWAISSearchResponse,cst-free-wais-search-response
279,CSTFreeWAISTextQuery,cst-free-wais-text-query
280,curanchor,cur-anchor
281,CurBlankExtent,cur-blank-extent
282,curcell,cur-cell
283,curdir,cur-dir
284,curdoc,cur-doc
285,curedit,cur-edit
286,curele,cur-element
287,curlen,cur-len
288,curlim,cur-limit
289,curline,cur-line
290,curlink,cur-link
291,curloc,cur-loc
292,CurModif,cur-modif
293,curpage,cur-page
294,curPair,cur-pair
295,curpos,cur-pos
296,CurrentANum,current-a-num
297,CurrentAssumeCharSet,current-assume-char-set
298,CurrentCharSet,current-char-set
299,CurrentEightBitRaw,current-eight-bit-raw
300,CurrentNegoCharset,current-nego-charset
301,CurrentNegoLanguage,current-negotiation-language
302,CurrentRawMode,current-raw-mode
303,CurrentShowColor,current-show-color
304,CurrentUseDefaultRawMode,current-use-default-raw-mode
305,CurrentUserAgent,current-user-agent
306,cursorline,cursor-line
307,curval,cur-value
308,curwid,cur-windows-id
309,curx,cur-x
310,cury,cur-y
311,cuserid,cuser-id
312,CVSRepository,cvs-repository
313,CVSROOT,cvs-root
314,cwd,current-working-directory
315,DatabaseDiagnosticRecords,database-diagnostic-records
316,DatabaseNames,database-names
317,dataBits,data-bits
318,dataLen,data-len
319,dataMask,data-mask
320,DATAOVERUN,data-overun
321,datasize,data-size
322,dateFactor,date-factor
323,datestr,date-str
324,readBinaryInteger,read-binary-integer
325,dbname,db-name
326,DBTREE,db-tree
327,DCLprocess,dcl-process
328,DCLspawn,dcl-spawn
329,DCLsystem,dcl-system
330,DebugSecs,debug-secs
331,DecnetSockets,dec-net-sockets
332,DefaultEditBinding,default-edit-binding
333,defaultImplementationID,default-implementation-id
334,defaultImplementationName,default-implementation-name
335,defaultImplementationVersion,default-implementation-version
336,DefaultStyle,default-style
337,defmenu,def-menu
338,defport,def-port
339,defprot,def-prot
340,defreturn,def-return
341,defs,defs
342,deHighlightMarker,de-highlight-marker
343,DeleteCriticalSection,delete-critical-section
344,deleteIt,delete-it
345,deleteLinks,delete-links
346,deleteStyleList,delete-style-list
347,DesignIssues,design-issues
348,diagnosticRecord,diagnostic-record
349,DidCleanup,did-cleanup
350,didRead,did-read
351,dirbuf,dir-buf
352,dircontents,dir-contents
353,DirectoryOf,directory-of
354,DirEntry,dir-entry
355,dirlen,dir-len
356,dirList,dir-list
357,dirname,dir-name
358,DIRSIZE,dir-size
359,dirstyle,dir-style
360,DisableCurrentForm,disable-current-form
361,disableSysPrv,disable-sys-prv
362,dispatchField,dispatch-field
363,DisplayCharsetMatchLocale,display-charset-match-locale
364,displayStyles,display-styles
365,DivCenter,div-center
366,DivisionAlignments,division-alignments
367,DivLeft,div-left
368,DivRight,div-right
369,DocAddress,doc-address
370,docCodes,doc-codes
371,docHeaders,doc-headers
372,docHeadline,doc-headline
373,docid,doc-id
374,DocInfo,doc-info
375,docLen,doc-len
376,doclength,doc-length
377,docname,doc-name
378,docNum,doc-num
379,docObj,doc-obj
380,docobjs,doc-objs
381,DocObjsPtr,doc-objs-ptr
382,DoConnect,do-connect
383,docTerm,doc-term
384,docText,doc-text
385,doctype,doc-type
386,DocumentID,document-id
387,DocumentLength,document-length
388,documentText,document-text
389,docurl,doc-url
390,doList,do-list
391,DomainPrefix,domain-prefix
392,domainstr,domain-str
393,DomainSuffix,domain-suffix
394,donelookup,done-lookup
395,dontCare,dont-care
396,DontCheck,dont-check
397,DosArabic,dos-arabic
398,DosBaltRim,dos-baltrim
399,DosCyrillic,dos-cyrillic
400,DosGetInfoBlocks,dos-get-info-blocks
401,DosGreek,dos-greek
402,DosHebrew,dos-hebrew
403,DosLatin,dos-latin
404,DosLatinUS,dos-latin-us
405,dosname,dos-name
406,DOSPATH,dos-path
407,DosQueryCp,dos-query-copy
408,dotcount,dot-count
409,dotdot,dot-dot
410,DOTFILE,dot-file
411,dotfiles,dot-files
412,DoTraversal,do-traversal
413,dotslash,dot-slash
414,DoubleHtmlSep,double-html-sep
415,drawingtarget,drawing-target
416,DspStart,dsp-start
417,dspwidth,dsp-width
418,dumbterm,dumb-term
419,duplicateAny,duplicate-any
420,editaction,edit-action
421,editactioncode,edit-action-code
422,EditBinding,edit-binding
423,EditFieldData,edit-field-data
424,editmode,edit-mode
425,eightbit,eight-bit
426,EINPROGRESS,e-in-progress
427,ElementNumber,element-number
428,ElementSetNames,element-set-names
429,ELGOTO,el-goto
430,enableSysPrv,enable-sys-prv
431,ENDCELL,end-cell
432,endChunk,end-chunk
433,endDateRange,end-date-range
434,endForm,end-form
435,endif,end-if
436,endInput,end-input
437,EndInternalPage,end-internal-page
438,EndSelect,end-select
439,EntityName,entity-name
440,entryname,entry-name
441,envbuffer,env-buffer
442,erasekey,erase-key
443,errlist,err-list
444,errno,err-no
445,ErrorStream,error-stream
446,ESCDELAY,esc-delay
447,estHeaderSize,est-header-size
448,ExceptionalNewline,exceptional-newline
449,ExitThread,exit-thread
450,ExitWithError,exit-with-error
451,ExpandTextarea,expand-text-area
452,ExtEditForm,extension-edit-form
453,fakeFinishCellInTable,fake-finish-cell-in-table
454,fallback,fall-back
455,FALLTHRU,fall-thru
456,FASTBACKW,fast-backward
457,FASTFORW,fast-forward
458,FASTTAB,fast-tabble
459,FastTrimColorClass,fast-trim-color-class
460,FatalProblem,fatal-problem
461,fieldname,field-name
462,FIELDSET,field-set
463,FileCache,file-cache
464,FileFindData,file-find-data
465,FileInitAlreadyDone,file-init-already-done
466,filename,file-name
467,FileNameDesc,file-name-desc
468,filenames,file-names
469,filepart,file-part
470,filepath,file-path
471,filereferer,file-referer
472,fileSort,file-sort
473,fileStatus,file-status
474,filesystem,file-system
475,filesystems,file-systems
476,filevalue,file-value
477,findAddress,find-address
478,findbefore,find-before
479,findChildAndLink,find-child-and-link
480,FindClose,find-close
481,FindFirstFile,find-first-file
482,FindHandle,find-handle
483,FindInList,find-in-list
484,findNamedChild,find-named-child
485,FindNextFile,find-next-file
486,FindPound,find-pound
487,findPoundSelector,find-pound-selector
488,FindPresentation,find-presentation
489,findSimpleAddress,find-simple-address
490,FindTempfileByFP,find-temp-file-by-fp
491,FindTempfileByName,find-temp-file-by-name
492,FineWWW,fine-www
493,FingerHost,finger-host
494,finishCellInRow,finish-cell-in-row
495,finishCellInTable,finish-cell-in-table
496,finishColGroup,finish-col-group
497,finishRowInTable,finish-row-in-table
498,finishTABLE,finish-table
499,FIONBIO,fion-bio
500,firstanchor,first-anchor
501,FirstHTLine,first-ht-line
502,firstnonblank,first-non-blank
503,firstObject,first-object
504,FirstRecall,first-recall
505,FirstShortcutRecall,first-shortcut-recall
506,firsttime,first-time
507,FirstURLRecall,first-url-recall
508,firstuse,first-use
509,FixCharacters,fix-characters
510,FixedLengthRecords,fixed-length-records
511,flagbase,flag-base
512,flagparam,flag-param
513,FlushConsoleInputBuffer,flush-console-input-buffer
514,followTypedLink,follow-typed-link
515,followup,follow-up
516,followups,follow-ups
517,followupto,follow-up-to
518,fontName,font-name
519,fontpos,font-pos
520,FONTRESET,font-reset
521,fontSize,font-size
522,foolproof,fool-proof
523,ForcePush,force-push
524,ForcingNoCache,forcing-no-cache
525,fordefault,for-default
526,FormatChoiceNum,format-choice-num
527,FormatMessage,format-message
528,FormatNum,format-num
529,FormatStr,format-str
530,FormDescNumber,form-descriptor-number
531,formfield,form-field
532,FormInfo,form-info
533,formlink,form-link
534,FormList,form-list
535,FORWBACKW,forward-backwward
536,FORWW,forward
537,foundAnchor,found-anchor
538,foundcell,found-cell
539,FoundEntity,found-entity
540,foundParent,found-parent
541,fragmentTerm,fragment-term
542,freeaddrinfo,free-addr-info
543,freeall,free-all
544,freeAny,free-any
545,freeBitMap,free-bitmap
546,freeCookie,free-cookie
547,FreeDefaultStyle,free-default-style
548,freeDiag,free-diag
549,freeDocObj,free-doc-obj
550,freeFormat,free-format
551,FreeHTAAUtil,free-htaa-util
552,freeHTLine,free-ht-line
553,freeInitResponseAPDU,free-init-response-a-pdu
554,freeme,free-me
555,freeSearchAPDU,free-search-a-pdu
556,freeSearchResponseAPDU,free-search-response-a-pdu
557,freeTerm,free-term
558,freeWAISDocumentCodes,free-wais-document-codes
559,freeWAISDocumentHeader,free-wais-document-header
560,freeWAISDocumentHeadlines,free-wais-document-headlines
561,freeWAISDocumentLongHeader,free-wais-document-long-header
562,freeWAISDocumentShortHeader,free-wais-document-short-header
563,freeWAISDocumentText,free-wais-document-text
564,freeWAISInitResponse,free-wais-init-response
565,freeWAISSearch,free-wais-search
566,freeWAISSearchResponse,free-wais-search-response
567,FROMASCII,from-ascii
568,fromline,from-line
569,fromname,from-name
570,FTPGlobals,ftp-globals
571,FTPSTYPE,ftps-type
572,fullname,full-name
573,fullparentpath,full-parent-path
574,fullpath,full-path
575,FullRefresh,full-refresh
576,generateRandomKey,generate-random-key
577,getaddrinfo,get-addr-info
578,getAlignment,get-alignment
579,getattrs,get-attrs
580,getBool,get-bool
581,getchar,get-char
582,getChartransInfo,get-char-trans-info
583,GetCommand,get-command
584,getContentBase,get-content-base
585,getContentLocation,get-content-location
586,getCurrentColumn,get-current-column
587,getCurrentProtection,get-current-protection
588,getcwd,get-cwd
589,getDate,get-date
590,getDefaultProtection,get-default-protection
591,getdirent,get-dirent
592,getenv,get-env
593,geteuid,get-extented-user-identity
594,GetExitCodeThread,get-exit-code-thread
595,getfile,get-file
596,GetFileInfo,get-file-info
597,getFileName,get-file-name
598,getFirstTargetInLine,get-first-target-in-line
599,getFixupPositions,get-fixup-positions
600,GetForegroundWindow,get-foreground-window
601,GetFullPathNameA,get-full-path-name-a
602,getGid,get-gid
603,getgroups,get-groups
604,gethostbyaddr,get-host-by-address
605,gethostbyname,get-host-by-name
606,gethostname,get-host-name
607,getkey,get-key
608,getLastChar,get-last-char
609,GetLastError,get-last-error
610,getLastModified,get-last-modified
611,getLines,get-lines
612,getlogin,get-login
613,getMaximumColumn,get-maximum-column
614,getMessageID,get-message-id
615,GetModuleHandle,get-module-handle
616,getmouse,get-mouse
617,getnameinfo,get-name-info
618,getNumOfLines,get-num-of-lines
619,getOptionNum,get-option-num
620,GetOptValues,get-op-values
621,getOwner,get-owner
622,getpeername,get-peer-name
623,getpid,get-pid
624,getQueryTermSize,get-query-term-size
625,getresult,get-result
626,getRevTitle,get-rev-title
627,getservbyname,get-server-by-name
628,getServer,get-server
629,GetShortPathName,get-short-path-name
630,getsockname,get-socket-name
631,getSpecifiedKcode,get-specified-key-code
632,getStartLine,get-start-line
633,getStartLineDeep,get-start-line-deep
634,GetStartupInfo,get-startup-info
635,GetStdHandle,get-std-handle
636,GetStdin,get-stdin
637,getstr,get-str
638,getStyle,get-style
639,getTabIDColumn,get-tab-id-column
640,gettext,get-text
641,GetTickCount,get-tick-count
642,gettimeofday,get-time-of-day
643,getTopOfScreen,get-top-of-screen
644,getUCInfoStage,get-uc-info-stage
645,getuid,get-user-identity
646,getUidName,get-user-identity-name
647,getUnfoldedLine,get-unfolded-line
648,GetVersion,get-version
649,getwd,get-w-d
650,GetWindowsDirectory,get-windows-directory
651,getxkey,get-hexadecimal-key
652,GidToName,gid-to-name
653,Gilmartin,gil-martin
654,givenmime,given-mime
655,GLOBALREF,global-reference
656,globalserver,global-server
657,GlossaryCompact,glossary-compact
658,GNhandles,gn-handles
659,GNsetMIMEnames,gn-set-mime-names
660,GotHost,got-host
661,GOTOLINK,go-to-link
662,GOTOPAGE,go-to-page
663,gotorc,go-to-rc
664,gotpara,got-para
665,GotScheme,got-scheme
666,Gridtext,grid-text
667,GroupCache,group-cache
668,GroupCacheList,group-cache-list
669,groupdef,group-def
670,GroupDef,group-def
671,groupName,group-name
672,grownups,grown-ups
673,HadVMSInterrupt,had-vms-interrupt
674,hashStyles,hash-styles
675,hashtable,hash-table
676,hasNoCacheSet,has-no-cache-set
677,hasToolbar,has-tool-bar
678,HasUmap,has-umap
679,hasUTF,has-utf
680,HaveMaxlength,have-max-length
681,HaveSRClink,have-src-link
682,HaveUserChangedForms,have-user-changed-forms
683,havevisible,have-visible
684,HaveYears,have-years
685,hdrfile,hdr-file
686,HeadingCenter,heading-center
687,HeadingLeft,heading-left
688,HeadingRight,heading-right
689,HeadTrim,head-trim
690,helpbuf,help-bu
691,helpfile,help-file
692,helpfilepath,help-file-path
693,HelpURL,help-url
694,hexchars,hex-chars
695,HiddenLinkAt,hidden-link-at
696,HiddenLinkCount,hidden-link-count
697,hiddenlinkflag,hidden-link-flag
698,hiddenlinks,hidden-links
699,HiddenValue,hidden-value
700,highlightMarker,highlight-marker
701,HiliteInfo,hilite-info
702,HiliteList,hilite-list
703,hist,hist
704,HistInfo,hist-info
705,historytarget,history-target
706,HitOffset,hit-offset
707,homedir,home-dir
708,HOMEDRIVE,home-drive
709,HomeEnv,home-env
710,homepage,home-page
711,homepath,home-path
712,horizpos,horiz-pos
713,hostbuf,host-buf
714,HostColon,host-colon
715,hostname,host-name
716,hostnames,host-names
717,housekeeping,housekeeping
718,HTAAFailReasonType,htaa-fail-reason-type
719,HTAAForwardAuth,htaa-forward-auth
720,HTAAGlobals,htaa-globals
721,HTAAGlobalsSet,htaa-globals-set
722,HTAAMethod,htaa-method
723,HTAAProt,htaa-prot
724,HTAAProtCache,htaa-prot-cache
725,HTAARealm,htaa-realm
726,HTAAScheme,htaa-scheme
727,HTAAServer,htaa-server
728,HTAASetup,htaa-setup
729,HTAccess,ht-access
730,HTAccessInit,ht-access-init
731,HTAddGotoURL,ht-add-goto-url
732,HTAddParam,ht-add-param
733,HTAddRule,ht-add-rule
734,HTAddSearchQuery,ht-add-search-query
735,HTAddSugFilename,ht-add-sug-file-name
736,HTAddToCmd,ht-add-to-cmd
737,HTAddXpand,ht-add-Xpand
738,HTAfterCommandArg,ht-after-command-arg
739,HTAlert,ht-alert
740,HTAlerts,ht-alerts
741,HTAlloc,ht-alloc
742,HTAlwaysAlert,ht-always-alert
743,HTAnchor,ht-anchor
744,HTandCern,ht-and-cern
745,HTAppName,ht-app-name
746,HTAppVersion,ht-app-version
747,HTAssoc,ht-assoc
748,HTAssocList,ht-assoc-list
749,HTAtom,ht-atom
750,HTAtoms,ht-atoms
751,HTBaseStreamInstance,ht-base-stream-instance
752,HTBEquivalent,htb-equivalent
753,htbin,ht-bin
754,HTBinDir,ht-bin-dir
755,HTBlackHole,ht-black-hole
756,HTBlackHoleInstance,ht-black-hole-instance
757,HTBrowse,ht-browse
758,HTBTElementAndObject,htbt-element-and-object
759,HTBTree,htb-tree
760,HTBTreeAndObject,htb-tree-and-object
761,HTBzFileCopy,ht-bz-file-copy
762,HTCacheFileName,ht-cache-file-name
763,HTCacheRoot,ht-cache-root
764,HTCacheSize,ht-cache-size
765,HTCanPost,ht-can-post
766,HTCardinal,ht-cardinal
767,HTCharsetFormat,ht-charset-format
768,HTCheckFnameForCompression,ht-check-file-name-for-compression
769,HTCheckForInterrupt,ht-check-for-interrupt
770,HTCheckForInterupt,ht-check-for-interrupt
771,HTChildAnchor,ht-child-anchor
772,HTChunk,ht-chunk
773,HTChunkClear,ht-chunk-clear
774,HTChunkCreate,ht-chunk-create
775,HTChunkCreateMayFail,ht-chunk-create-may-fail
776,HTChunkEnsure,ht-chunk-ensure
777,HTChunkFree,ht-chunk-free
778,HTChunkInit,ht-chunk-init
779,HTChunkPutb,ht-chunk-putb
780,HTChunkPutc,ht-chunk-putc
781,HTChunkPuts,ht-chunk-puts
782,HTChunkPutUtf,ht-chunk-put-utf
783,HTChunkRealloc,ht-chunk-realloc
784,HTChunkTerminate,ht-chunk-terminate
785,HTClearFTPPassword,ht-clear-ftp-password
786,HTClearHTTPAuthInfo,ht-clear-http-auth-info
787,HTClearNNTPAuthInfo,ht-clear-nntp-auth-info
788,HTClearRules,ht-clear-rules
789,HTClientHost,ht-client-host
790,HTCloseBzFile,ht-close-bz-file
791,HTCloseGzFile,ht-close-gz-file
792,HTComparer,ht-comparer
793,HTCompressed,ht-compressed
794,HTCompressFileType,ht-compress-file-type
795,HTConfirm,ht-confirm
796,HTConfirmCookie,ht-confirm-cookie
797,HTConfirmDefault,ht-confirm-default
798,HTConfirmPostRedirect,ht-confirm-post-redirect
799,HTConverter,ht-converter
800,HTCoord,ht-coord
801,HTCopy,ht-copy
802,HTCopyNoCR,ht-copy-no-cr
803,HTCountCommandArgs,ht-count-command-args
804,HTCreatePath,ht-create-path
805,HTCurrentForm,ht-current-form
806,HTCurSelect,ht-cur-select
807,HTCurSelectedOptionValue,ht-cur-selected-option-value
808,HTCurSelectGroup,ht-cur-select-group
809,HTCurSelectGroupCharset,ht-cur-select-group-charset
810,HTCurSelectGroupSize,ht-cur-select-group-size
811,HTCurSelectGroupType,ht-cur-select-group-type
812,HTDirAccess,ht-dir-access
813,HTDirEntry,ht-dir-entry
814,HTDirReadme,ht-dir-readme
815,HTDirTitles,ht-dir-titles
816,HTDisplayPartial,ht-display-partial
817,HTDoConnect,ht-do-connect
818,HTdocument,ht-document
819,HTDoRead,ht-do-read
820,HTDOS,ht-dos
821,HTDumpToStdout,ht-dump-to-stdout
822,HTEditable,ht-edittable
823,HTElement,ht-element
824,HTEndParam,ht-end-param
825,HTError,ht-error
826,HTErrorStream,ht-error-stream
827,HTErrorStreamClass,ht-error-stream-class
828,HTEscape,ht-escape
829,HTEscapeSP,ht-escape-space
830,HTEscapeUnsafe,ht-escape-unsafe
831,htext,h-text
832,HTextApplyToSimilar,ht-ext-apply-to-similar
833,HTextSelectUnstyled,ht-ext-select-unstyled
834,HTFile,ht-file
835,HTFileCopy,ht-file-copy
836,HTFileFormat,ht-file-format
837,HTFileInit,ht-file-init
838,HTFileSaveStream,ht-file-save-stream
839,HTfileSortMethod,ht-file-sort-method
840,HTFileSuffix,ht-file-suffix
841,HTFileValue,ht-file-value
842,HTFilterPresentations,ht-filter-presentations
843,HTFindPoundSelector,ht-find-pound-selector
844,HTFindPresentation,ht-find-presentation
845,HTFinger,ht-finger
846,HTFinishDisplayPartial,ht-finish-display-partial
847,HTFont,ht-font
848,HTForcedPrompt,ht-forced-prompt
849,HTForm,ht-form
850,HTFormAcceptCharset,ht-form-accept-charset
851,HTFormAction,ht-form-action
852,HTFormat,ht-format
853,HTFormatInit,ht-format-init
854,HTFormDisabled,ht-form-disabled
855,HTFormEnctype,ht-form-encode-type
856,HTFormFields,ht-form-fields
857,HTFormMethod,ht-form-method
858,HTFormNumber,ht-form-number
859,HTFormTitle,ht-form-title
860,HTFreePresentations,ht-free-presentations
861,HTFTP,ht-ftp
862,HTFTPLoad,ht-ftp-load
863,HTfullURL,ht-full-url
864,HTFWriter,ht-file-writer
865,HTGetAddrInfo,ht-get-address-info
866,htgetcharacter,ht-get-character
867,HTGetLine,ht-get-line
868,HTGetLinkInfo,ht-get-link-info
869,HTGetLinkOrFieldStart,ht-get-link-or-field-start
870,HTGetNewsHost,ht-get-news-host
871,HTGetProgramPath,ht-get-program-path
872,HTGetRelLinkNum,ht-get-relative-link-num
873,HTGetSSLCharacter,ht-get-ssl-character
874,HTGetSSLHandle,ht-get-ssl-handle
875,HTGetWord,ht-get-word
876,HTGopher,ht-gopher
877,HTGotoURLs,ht-go-to-urls
878,HTGroup,ht-group
879,HTGzFileCopy,ht-gz-file-copy
880,HTHandleAuthInfo,ht-handle-authorization-info
881,HTHomeAnchor,ht-home-anchor
882,HTHostAddress,ht-host-address
883,HTHostName,ht-host-name
884,hThread,h-thread
885,HTInetStatus,ht-inet-status
886,HTInetString,ht-inet-string
887,HTInfoMsg,ht-info-messages
888,HTInit,ht-init
889,HTInitInput,ht-init-input
890,HTInitProgramPaths,ht-init-program-paths
891,HTInternalLink,ht-internal-link
892,HTioctl,ht-ioctl
893,HTisDocumentSource,ht-is-document-source
894,HTIsParam,ht-is-paramameter
895,HTkcode,ht-key-code
896,HTLastConfirmCancelled,ht-last-confirm-cancelled
897,HTlexeme,ht-lexeme
898,HTLibraryVersion,ht-library-version
899,htline,ht-line
900,htlines,ht-lines
901,HTLinkType,ht-link-type
902,HTList,ht-list
903,HTLoad,ht-load
904,HTLoadAbsolute,ht-load-absolute
905,HTLoadAnchor,ht-load-anchor
906,HTLoadCSO,ht-load-cso
907,HTLoadDocument,ht-load-document
908,HTLOADED,ht-loaded
909,HTLoadedDocumentBookmark,ht-loaded-document-bookmark
910,HTLoadedDocumentCharset,ht-loaded-document-charset
911,HTLoadedDocumentEightbit,ht-loaded-document-eight-bit
912,HTLoadedDocumentIsHEAD,ht-loaded-document-is-head
913,HTLoadedDocumentIsSafe,ht-loaded-document-is-safe
914,HTLoadedDocumentPost,ht-loaded-document-post
915,HTLoadedDocumentTitle,ht-loaded-document-title
916,HTLoadedDocumentURL,ht-loaded-document-url
917,HTLoadError,ht-load-error
918,HTLoadExtensionsConfigFile,ht-load-extensions-config-file
919,HTLoadFile,ht-load-file
920,HTLoadFinger,ht-load-finger
921,HTLoadGopher,ht-load-gopher
922,HTLoadHTTP,ht-load-http
923,HTLoadNews,ht-load-news
924,HTLoadRelative,ht-load-relative
925,HTLoadRules,ht-load-rules
926,HTLoadTelnet,ht-load-telnet
927,HTLoadToStream,ht-load-to-stream
928,HTLoadTypesConfigFile,ht-load-types-config-file
929,HTLoadWAIS,ht-load-wais
930,HTLocalName,ht-local-name
931,HTlogfile,ht-log-file
932,htm,htm
933,htmain,ht-main
934,HTMainAnchor,ht-main-anchor
935,HTMainText,ht-main-text
936,HtMake,ht-make
937,HTMark,ht-mark
938,HTMAX,ht-max
939,HTMaxSecs,ht-max-secs
940,HTmaybekanji,ht-may-be-kanji
941,HTMemCopy,ht-memory-copy
942,HTMIME,ht-mime
943,HTMIMEConvert,ht-mime-convert
944,HTMIMERedirect,ht-mime-redirect
945,HTMIN,ht-min
946,html,html
947,HTMLDTD,html-dtd
948,HTMLElement,html-element
949,HTMLGate,html-gate
950,HTMLGen,html-gen
951,HTMLGeneration,html-generation
952,HTMLGenerator,html-generator
953,HTMLGetEntityName,html-get-entity-name
954,HTMLGetEntityUCValue,html-get-entity-uc-value
955,HtmlName,html-name
956,HTMLParsedPresent,html-parsed-present
957,HTMLPresent,html-present
958,HTMLPresentation,html-presentation
959,HTMLSetCharacterHandling,html-set-character-handling
960,HTMLSetDisplayCharsetMatchLocale,html-set-display-charset-match-locale
961,HTMLSetHaveCJKCharacterSet,html-set-have-cjk-character-set
962,HTMLSetRawModeDefault,html-set-raw-mode-default
963,HTMLSetUseDefaultRawMode,html-set-use-default-raw-mode
964,htmlsrc,html-src
965,HTMLToC,html-to-c
966,HTMLToPlain,html-to-plain
967,HTMLUseCharacterSet,html-use-character-set
968,HTmmdecode,htmm-decode
969,HTmmquote,htmm-quote
970,HTMountRoot,ht-mount-root
971,HTnameOfFile,ht-name-of-file
972,HTNetMIME,ht-net-mime
973,HTNetToText,ht-net-to-text
974,HTNews,ht-news
975,HTNewsChunkSize,ht-news-chunk-size
976,HTNewsGetCharacter,ht-news-get-character
977,HTNewsHost,ht-news-host
978,HTNewsMaxChunk,ht-news-max-chunk
979,HTNewsPost,ht-news-post
980,HTNewsProxyConnect,ht-news-proxy-connect
981,HTNewsReply,ht-news-reply
982,HTNextField,ht-next-field
983,HTNextTok,ht-next-token
984,HTNNTP,ht-nntp
985,HTNOCJK,ht-no-cjk
986,HTNoDataOK,ht-no-data-ok
987,HTOptParam,ht-optional-parameter
988,HTOutputFormat,ht-output-format
989,HTOutputStream,ht-output-stream
990,HTParentAnchor,ht-parent-anchor
991,HTparse,ht-parse
992,HTParseALL,ht-parse-all
993,HTParseAnchor,ht-parse-anchor
994,HTParseBzFile,ht-parse-bz-file
995,HTParseFile,ht-parse-file
996,HTParseGzFile,ht-parse-gz-file
997,HTParseInet,ht-parse-inet
998,HTParseMem,ht-parse-mem
999,HTParseSocket,ht-parse-socket
1000,HTpartURL,ht-part-url
1001,HTPassEightBitNum,ht-pass-eight-bit-num
1002,HTPassEightBitRaw,ht-pass-eight-bit-raw
1003,HTPassHighCtrlNum,ht-pass-high-ctrl-num
1004,HTPassHighCtrlRaw,ht-pass-high-ctrl-raw
1005,HTPermitRedir,ht-permit-redirection
1006,HTPlain,ht-plain
1007,HTPlainPresent,ht-plain-present
1008,HTPlainToHTML,ht-plain-to-html
1009,HTPool,ht-pool
1010,HTPreparsedFormatInit,ht-preparsed-format-init
1011,HTPresentation,ht-presentation
1012,HTPresentations,ht-presentations
1013,HTProgress,ht-progress
1014,HTProgressUnits,ht-progress-units
1015,HTPrompt,ht-prompt
1016,HTPromptPassword,ht-prompt-password
1017,HTPromptUsernameAndPassword,ht-prompt-user-name-and-password
1018,HTProtocol,ht-protocol
1019,HTQuoteParameter,ht-quote-parameter
1020,HTReadProgress,ht-read-progress
1021,HTRegisterProtocol,ht-register-protocol
1022,HTRelative,ht-relative
1023,HTReorderPresentation,ht-reorder-presentation
1024,HTreparse,ht-reparse
1025,HTrjis,ht-rjis
1026,HTRlogin,ht-rlogin
1027,HTRule,ht-rule
1028,HTRuleOp,ht-rule-op
1029,HTRules,ht-rules
1030,HTSABCat,ht-sab-cat
1031,HTSABCopy,ht-sab-copy
1032,HTSABEql,ht-sab-eqals
1033,HTSABFree,ht-sab-free
1034,HTSACat,ht-sa-cat
1035,HTSACopy,ht-sa-copy
1036,HTSAFree,ht-sa-free
1037,HTSaveAndExecute,ht-save-and-execute
1038,HTSaveLocally,ht-save-locally
1039,HTSaveStream,ht-save-stream
1040,HTSaveToFile,ht-save-to-file
1041,HTSearch,ht-search
1042,HTSearchAbsolute,ht-search-absolute
1043,HTSearchQueries,ht-search-queries
1044,HTSearchScript,ht-search-script
1045,HTSecure,ht-secure
1046,HTSEquivalent,hts-equivalent
1047,HTSetConfiguration,ht-set-configuration
1048,HTSetConversion,ht-set-conversion
1049,HTSetNewsHost,ht-set-news-host
1050,HTSetPresentation,ht-set-presentation
1051,HTSetProgramPath,ht-set-program-path
1052,HTSetSuffix,ht-set-suffix
1053,HTSimplify,ht-simplify
1054,HTSNews,hts-news
1055,HTSNewsPost,hts-news-post
1056,HTSNewsReply,hts-news-reply
1057,htsprintf,hts-printf
1058,HTSprintflike,hts-printf-like
1059,HTSRC,ht-src
1060,HTSSLCallback,ht-ssl-call-back
1061,HTSSLInitPRNG,ht-ssl-init-prng
1062,HTStackValue,ht-stack-value
1063,HTStartAnchor,ht-start-anchor
1064,HTStartIsIndex,ht-start-is-index
1065,HTStat,ht-stat
1066,HTStream,ht-stream
1067,HTStreamClass,ht-stream-class
1068,HTStreams,ht-streams
1069,HTStreamStack,ht-stream-stack
1070,HTString,ht-string
1071,HTStrip,ht-strip
1072,HTStructured,ht-structured
1073,HTStructuredClass,ht-structured-class
1074,HTStyle,ht-style
1075,HTStyleChange,ht-style-change
1076,HTStyleDump,ht-style-dump
1077,HTStyleForRun,ht-style-for-run
1078,HTStyleMatching,ht-style-matching
1079,HTStyleNamed,ht-style-named
1080,HTStyleNew,ht-style-new
1081,HTStyleNewNamed,ht-style-new-named
1082,HTStyleRead,ht-style-read
1083,HTStyleSheet,ht-style-sheet
1084,HTStyleSheetAddStyle,ht-style-sheet-add-style
1085,HTStyleSheetNew,ht-style-sheet-new
1086,HTStyleSheetRead,ht-style-sheet-read
1087,HTStyleSheetWrite,ht-style-sheet-write
1088,HTStyleWrite,ht-style-write
1089,HTSuffix,ht-suffix
1090,HTSuffixes,ht-suffixes
1091,HTSugFilenames,ht-sug-file-names
1092,HTSwitchDTD,ht-switch-dtd
1093,HTSYS,ht-sys
1094,HTTabID,ht-tab-id
1095,HTTabStop,ht-tab-stop
1096,HTTag,ht-tag
1097,HTTCP,ht-tcp
1098,HTTelnet,ht-telnet
1099,HTTn,ht-tn
1100,http,http
1101,httpd,httpd
1102,httpds,httpds
1103,httplike,http-like
1104,HTTranslate,ht-translate
1105,HTuncache,ht-uncache
1106,HTUnescape,ht-unescape
1107,HTUnEscaped,ht-unescaped
1108,HTUnEscapeSome,ht-unescape-some
1109,HTURLPath,ht-url-path
1110,HTUserMsg,ht-user-msg
1111,HTUtils,ht-utils
1112,HTUU,ht-uu
1113,HTVirtualMemorySize,ht-virtual-memory-size
1114,HTVMS,ht-vms
1115,HTVMSBrowseDir,ht-vms-browse-directory
1116,HTVMSclosedir,ht-vms-close-directory
1117,HTVMSFileVersions,ht-vms-file-versions
1118,HTVMSname,ht-vms-name
1119,HTVMSopendir,ht-vms-open-directory
1120,HTVMSreaddir,ht-vms-read-directory
1121,HTWAIS,ht-wais
1122,HTWSRC,ht-wais-source
1123,HTWSRCConvert,ht-wais--source-convert
1124,HyperDoc,hyper-document
1125,hyperlink,hyper-link
1126,hypertext,hyper-text
1127,HytelnetGate,hy-telnet-gate
1128,IBMPC,ibm-pc
1129,ICONEXCLAMATION,icon-exclamation
1130,ICONQUESTION,icon-question
1131,ICONSTOP,icon-stop
1132,icontained,i-contained
1133,icontains,i-contains
1134,IDAuthentication,id-authentication
1135,IFBLK,if-block
1136,IFCHR,if-chr
1137,ifdef,if-def
1138,IFDIR,if-dir
1139,iff,if-and-only-if
1140,ifndef,if-not-defined
1141,IFSOCK,if-socket
1142,ignorecase,ignore-case
1143,IgnoreExcess,ignore-excess
1144,IgnoreSpaces,ignore-spaces
1145,IHMO,in--my-humble-opinion
1146,ImageMapList,image-map-list
1147,ImageSrc,image-spource
1148,imgmap,img-map
1149,IMGs,img-s
1150,impl,impl
1151,ImplementationID,implementation-ID
1152,ImplementationName,implementation-name
1153,ImplementationVersion,implementation-version
1154,INADDR,in-addr
1155,inAPPLET,in-applet
1156,inAPPLETwithP,in-applet-with-p
1157,inBadBASE,in-bad-base
1158,inBadHREF,in-bad-href
1159,inBadHTML,in-bad-html
1160,inBASE,in-base
1161,inbold,in-bold
1162,inBoldA,in-bold-a
1163,inBoldH,in-bold-h
1164,IncludesLatin,"includes	latin"
1165,incurlink,incur-link
1166,indexfile,index-file
1167,indexname,index-name
1168,indexOf,index-of
1169,industryCodes,industry-codes
1170,indx,indx
1171,inFIG,in-fig
1172,inFIGwithP,in-fig-with-p
1173,infmod,inf-mod
1174,info,info
1175,infomsg,info-msg
1176,inFONT,in-font
1177,infopage,info-page
1178,InfoSecs,info-secs
1179,infoSize,info-size
1180,initAPDU,init-a-pdu
1181,initialiseHashTable,initialise-hash-table
1182,InitializeCriticalSection,initialize-critical-section
1183,initResp,init-resp
1184,initResponse,init-response
1185,initResponseAPDU,init-response-a-pdu
1186,initscr,init-scr
1187,inLABEL,in-label
1188,inLineOne,in-line-one
1189,INLINES,in-lines
1190,inlining,in-lining
1191,inList,in-list
1192,inlocaldomain,in-local-domain
1193,inMIMEname,in-mime-name
1194,InputFieldData,input-field-data
1195,inputline,input-line
1196,inSELECT,in-select
1197,insertBlanks,insert-blanks
1198,insertBlanksInStblLines,insert-blanks-in-tables-lines
1199,InsertFile,insert-file
1200,insertObjectAt,insert-object-at
1201,instruct,in-structure
1202,inTABLE,in-table
1203,intarget,in-target
1204,intdos,int-dos
1205,InternalPageFP,internal-page-fp
1206,inTEXTAREA,in-text-area
1207,IntroCS,intro-cs
1208,IntValue,int-value
1209,inunderline,in-underline
1210,inuse,in-use
1211,invalidport,invalid-port
1212,INVARG,inv-arg
1213,Invariant,invariant
1214,invcheck,inv-check
1215,invprompt,inv-prompt
1216,IPPORT,ip-port
1217,IPPROTO,ip-proto
1218,isAcceptable,is-acceptable
1219,isalnum,is-alpha-numeric
1220,isalpha,is-alpha
1221,isAnchorBlank,is-anchor-blank
1222,isatty,is-a-tty
1223,isBEmpty,is-b-empty
1224,IsBinary,is-binary
1225,isdefault,is-default
1226,isdigit,is-digit
1227,ISDIR,is-dir
1228,isDirectory,is-directory
1229,isdst,is-destination
1230,isEmpty,is-empty
1231,isendwin,is-end-windows
1232,isFILE,is-file
1233,isFTP,is-ftp
1234,ISGID,is-gid
1235,isGOPHER,is-gopher
1236,IsGopherURL,is-gopher-url
1237,isgraph,is-graph
1238,isgroup,is-group
1239,isHEAD,is-head
1240,isheader,is-header
1241,isHex,is-hex
1242,isHTTP,is-http
1243,isHTTPS,is-https
1244,isindex,is-index
1245,isIndexAction,is-index-action
1246,isIndexPrompt,is-index-prompt
1247,isISMAPScript,is-is-map-script
1248,isLYNXCFLAGS,is-lynx-cflags
1249,isLYNXCGI,is-lynx-cgi
1250,isLYNXCOOKIE,is-lynx-cookie
1251,isLYNXDIRED,is-lynx-dired
1252,isLYNXDOWNLOAD,is-lynx-download
1253,isLYNXEXEC,is-lynx-exec
1254,isLYNXHIST,is-lynx-hist
1255,isLYNXIMGMAP,is-lynx-img-map
1256,isLYNXKEYMAP,is-lynx-keymap
1257,isLYNXMESSAGES,is-lynx-messages
1258,isLYNXOPTIONS,is-lynx-options
1259,isLYNXPRINT,is-lynx-print
1260,isLYNXPROG,is-lynx-prog
1261,isMAILTO,is-mail-to
1262,isNEWS,is-news
1263,IsNmChar,is-nm-char
1264,IsNmStart,is-nm-start
1265,isNNTP,is-nntp
1266,isNumber,is-number
1267,isobject,is-object
1268,IsOurFile,is-our-file
1269,isposition,is-position
1270,isprint,is-print
1271,IsProxy,is-proxy
1272,ispunct,is-punct
1273,ISREG,is-reg
1274,isRLOGIN,is-rlogin
1275,issep,is-sep
1276,ISSET,is-set
1277,isNEWS,is-news
1278,isspace,is-space
1279,IsSpecial,is-special
1280,IsSpecialAttrChar,is-special-attr-char
1281,isstart,is-start
1282,IsStream,is-stream
1283,IsSubmitOrReset,is-submit-or-reset
1284,isTELNET,is-telnet
1285,isTITLE,is-title
1286,istyle,is-style
1287,ISUID,is-suid
1288,IsUnityEnc,is-unity-enc
1289,IsUnityEncStr,is-unity-enc-str
1290,isurl,is-url
1291,ISVTX,is-vtx
1292,isxdigit,is-hexadecimal-digit
1293,ItemCode,item-code
1294,itemlist,item-list
1295,items,items
1296,ItemStruct,item-struct
1297,JANETAccess,janet-access
1298,Japanese,japanese
1299,JFosterEntry,j-foster-entry
1300,JumpDatum,jump-datum
1301,jumpfile,jump-file
1302,jumpprompt,jump-prompt
1303,JumpTable,jump-table
1304,kblayout,keyboard-layout
1305,keybuf,key-buffer
1306,keycode,key-code
1307,keycodes,key-codes
1308,KEYHANDLER,key-handler
1309,keysym,key-symbol
1310,killbuffer,kill-buffer
1311,killme,kill-me
1312,KILLREG,kill-reg
1313,kindred,kind-red
1314,langinfo,lang-info
1315,LargeSetLowerBound,large-set-lower-bound
1316,lastautoGN,last-auto-gn
1317,lastcell,last-cell
1318,lastchar,last-char
1319,lastcheck,last-check
1320,lastcount,last-count
1321,lastcs,last-cs
1322,LastDisplayChar,last-display-char
1323,lastHasUmap,last-has-umap
1324,lasthelp,last-help
1325,lasthndl,last-hndl
1326,lasthost,last-host
1327,LastHTLine,last-ht-line
1328,lastline,lastline
1329,LastLineEmpty,last-line-empty
1330,LastLineOffset,last-line-offset
1331,LastLineSize,last-line-size
1332,LastMod,last-mod
1333,lastname,last-name
1334,lastNode,last-node
1335,lastObject,last-object
1336,LastOptionChecked,last-option-checked
1337,LastOptionValue,last-option-value
1338,lastpath,last-path
1339,lastraw,last-raw
1340,lastrow,last-row
1341,lastslash,last-slash
1342,LastTFPos,last-tf-pos
1343,lastTransT,last-transt
1344,lastUtf,last-utf
1345,LastYear,last-year
1346,leakagesink,leakage-sink
1347,LeaveCriticalSection,leave-critical-section
1348,leftaligned,left-aligned
1349,leftIndent,left-indent
1350,len,len
1351,LenNeeded,len-needed
1352,lexemnames,lexem-names
1353,LexItem,lex-item
1354,LIBCMU,lib-cmu
1355,LIBGETTEXT,lib-get-text
1356,libHTML,lib-html
1357,libiconv,lib-iconv
1358,LIBINTL,lib-intl
1359,libwww,lib-www
1360,linebuf,line-buf
1361,linedata,line-data
1362,lineedit,line-edit
1363,lineediting,line-editing
1364,lineend,line-end
1365,lineHt,line-ht
1366,LineMode,line-mode
1367,lineno,line-no
1368,linenum,line-num
1369,LineNumber,line-number
1370,LineOffset,line-offset
1371,LINESIZE,line-size
1372,linewrap,line-wrap
1373,LinkInfo,link-info
1374,linkname,link-name
1375,linkno,link-no
1376,linknum,link-num
1377,linkObject,link-object
1378,linkSelTo,link-sel-to
1379,LinksInLines,links-in-lines
1380,linktext,link-text
1381,LinkTitle,link-title
1382,linktype,link-type
1383,linkvlen,link-vlen
1384,linux,linux
1385,ListArg,list-arg
1386,listrefs,list-refs
1387,LocalAlias,local-alias
1388,LOCALEDIR,locale-dir
1389,localhost,local-host
1390,localname,local-name
1391,logfile,log-file
1392,LogicalName,logical-name
1393,LogicalValue,logical-value
1394,longHeaders,long-headers
1395,longname,long-name
1396,longToAny,long-to-any
1397,lookfrom,look-from
1398,loophole,loop-hole
1399,lowercase,lower-case
1400,lowercased,lower-cased
1401,LPAREN,left-paren
1402,LPOS,l-pos
1403,lpSecurityDescriptor,lp-security-descriptor
1404,LPTHREAD,lp-thread
1405,lvalue,l-value
1406,LYAcceptAllCookies,ly-accept-all-cookies
1407,LYaddAttr,ly-add-attr
1408,LYaddch,ly-add-char
1409,LYAddCookieHeader,ly-add-cookie-header
1410,LYAddHilite,ly-add-hilite
1411,LYAddHiText,ly-add-hi-text
1412,LYAddHtmlSep,ly-add-html-sep
1413,LYAddImageMap,ly-add-image-map
1414,LYAddJumpShortcut,ly-add-jump-shortcut
1415,LYAddLocalhostAlias,ly-add-localhost-alias
1416,LYAddMapElement,ly-add-map-element
1417,LYAddMETAcharsetToFD,ly-add-meta-charset-to-fd
1418,LYAddPathSep,ly-add-path-sep
1419,LYAddPathToHome,ly-add-path-to-home
1420,LYAddPathToSave,ly-add-path-to-save
1421,LYAddSchemeForURL,ly-add-scheme-for-url
1422,LYaddstr,ly-add-string
1423,LYAddToCloset,ly-add-to-closet
1424,LYAddVisitedLink,ly-add-visited-link
1425,LYaddWAttr,ly-add-w-attr
1426,LYAdjHiTextPos,ly-adj-hi-text-pos
1427,LYalloca,ly-alloca
1428,LYAppendToTxtFile,ly-append-to-txt-file
1429,LYarrayLength,ly-array-length
1430,LYarrayWidth,ly-array-width
1431,LYatexit,ly-at-exit
1432,LYAttrset,ly-attribute-set
1433,LYAutoUncacheDirLists,ly-auto-uncache-directory-lists
1434,LYBadHTML,ly-bad-html
1435,LYbox,ly-box
1436,LYCachedTemp,ly-cached-temp
1437,LYCacheSource,ly-cache-source
1438,LYCacheSourceForAborted,ly-cache-source-for-aborted
1439,LYCancelDownload,ly-cancel-download
1440,LYCancelledFetch,ly-cancelled-fetch
1441,LYCanDoHEAD,ly-can-do-head
1442,LYCanReadFile,ly-can-read-file
1443,LYCanWriteFile,ly-can-write-file
1444,LYCgi,ly-cgi
1445,LYCgiDocumentRoot,ly-cgi-document-root
1446,LYchar,ly-char
1447,LYCharINTERRUPT,ly-char-interrupt
1448,LYCharIsINTERRUPT,ly-char-is-interrupt
1449,LYCharSet,ly-char-set
1450,LYCharSets,ly-char-sets
1451,LYCharSetsDeclared,ly-char-sets-declared
1452,LYCharUtils,ly-char-utils
1453,LYCheckBibHost,ly-check-bib-host
1454,LYCheckForContentBase,ly-check-for-content-base
1455,LYCheckForCSI,ly-check-for-csi
1456,LYCheckForID,ly-check-for-id
1457,LYCheckForProxyURL,ly-check-for-proxy-url
1458,LYCheckMail,ly-check-mail
1459,LYCheckUserAgent,ly-check-user-agent
1460,LYChooseBoolean,ly-choose-boolean
1461,LYChoosePopup,ly-choose-popup
1462,LYChosenShowColor,ly-chosen-show-color
1463,LYCleanupTemp,ly-cleanup-temp
1464,LYclear,ly-clear
1465,LYClearHiText,ly-clear-hi-text
1466,LYCloseCloset,ly-close-closet
1467,LYCloseCmdLogfile,ly-close-cmd-log-file
1468,LYCloseInput,ly-close-input
1469,LYCloselog,ly-close-log
1470,LYCloseOutput,ly-close-output
1471,LYCloseTemp,ly-close-temp
1472,LYCloseTempFP,ly-close-temp-fp
1473,LYCloseTracelog,ly-close-trace-log
1474,LYClosetSize,ly-closet-size
1475,LYclrtoeol,ly-clr-to-eol
1476,LYCollapseBRs,ly-collapse-brs
1477,LYcols,ly-cols
1478,LYcommandList,ly-command-list
1479,LYCommentHacks,ly-comment-hacks
1480,LYCompare,ly-compare
1481,LYCompleteExit,ly-complete-exit
1482,LYConfigCookies,ly-config-cookies
1483,LYConsoleInputFD,ly-console-input-fd
1484,LYConvertToURL,ly-convert-to-url
1485,LYCookie,ly-cookie
1486,LYCookieAcceptDomains,ly-cookie-accept-domains
1487,LYCookieFile,ly-cookie-file
1488,LYCookieJar,ly-cookie-jar
1489,LYCookieLooseCheckDomains,ly-cookie-loose-check-domains
1490,LYCookieQueryCheckDomains,ly-cookie-query-check-domains
1491,LYCookieRejectDomains,ly-cookie-reject-domains
1492,LYCookieSaveFile,ly-cookie-save-file
1493,LYCookieStrictCheckDomains,ly-cookie-strict-check-domains
1494,LYCopyFile,ly-copy-file
1495,LYCopyHiText,ly-copy-hi-text
1496,LYCurses,ly-curses
1497,LYCursesON,ly-curses-on
1498,LYDefaultRawMode,ly-default-raw-mode
1499,LYDELSCR,ly-delscr
1500,LYDidRename,ly-did-rename
1501,LYDoCSI,ly-docsi
1502,LYdownload,ly-download
1503,LYDownLoadAddress,ly-download-address
1504,LYE,ly-e
1505,LYEdit,ly-edit
1506,LYEditCode,ly-edit-code
1507,LYEditInsert,ly-edit-insert
1508,LYEditKeyForAction,ly-edit-key-for-action
1509,LYEditmapDeclared,ly-edit-map-declared
1510,LYElideString,ly-elide-string
1511,LYEnsureAbsoluteURL,ly-ensure-absolute-url
1512,LYEnsureDoubleSpace,ly-ensure-double-space
1513,LYEnsureSingleSpace,ly-ensure-single-space
1514,LYEntify,ly-entify
1515,LYEntityNames,ly-entity-names
1516,LYerase,ly-erase
1517,LYEscapeStartfile,ly-escape-start-file
1518,LYExecv,ly-execv
1519,LYexit,ly-exit
1520,LYExpandHostForURL,ly-expand-host-for-url
1521,LYExpandString,ly-expand-string
1522,LYExterns,ly-externs
1523,LYExtSignal,ly-ext-signal
1524,LYFakeZap,ly-fake-zap
1525,LYFillLocalFile,ly-fill-local-file
1526,LYFillLocalFileURL,ly-fill-local-file-url
1527,LYfind,ly-find
1528,LYFindEndOfComment,ly-find-end-of-comment
1529,LYFindInCloset,ly-find-in-closet
1530,LYFindLocaleCharset,ly-find-locale-charset
1531,LYFixCursesOn,ly-fix-current-seson
1532,LYFixCursesOnForAccess,ly-fix-current-seson-for-access
1533,LYforce,ly-force
1534,LYForceSSLCookiesSecure,ly-force-ssl-cookies-secure
1535,LYformTitle,ly-form-title
1536,LYFreeDocInfo,ly-free-doc-info
1537,LYFreeHiText,ly-free-hi-text
1538,LYFreePostData,ly-free-post-data
1539,LYgetattrs,ly-get-attrs
1540,LYgetch,ly-get-ch
1541,LYGetChartransInfo,ly-get-char-trans-info
1542,LYgetEnum,ly-get-enum
1543,LYGetEnv,ly-get-env
1544,LYGetFile,ly-get-file
1545,LYGetFileInfo,ly-get-file-info
1546,LYGetHilitePos,ly-get-hilite-pos
1547,LYGetHiliteStr,ly-get-hilite-str
1548,LYGetHiTextPos,ly-get-hi-text-pos
1549,LYGetHiTextStr,ly-get-hi-text-string
1550,LYGetHostByName,ly-get-host-by-name
1551,LYGetNewline,ly-get-newline
1552,LYGetStdinArgs,ly-get-stdin-args
1553,LYgetstr,ly-get-str
1554,LYgetXDisplay,ly-get-x-display
1555,LYGetYX,ly-get-y-x
1556,LYHandleCookies,ly-handle-cookies
1557,LYHandleFIG,ly-handle-fig
1558,LYHandleID,ly-handle-identifier
1559,LYHandleMETA,ly-handle-meta
1560,LYHandlePlike,ly-handle-p-like
1561,LYhandlePopupList,ly-handle-popup-list
1562,LYHandleSELECT,ly-handle-select
1563,LYHaveCJKCharacterSet,ly-have-cjk-character-set
1564,LYHaveCmdScript,ly-have-comand-script
1565,LYHaveImageMap,ly-have-image-map
1566,LYHaveSubBookmarks,ly-have-sub-bookmarks
1567,LYHiddenLinks,ly-hidden-links
1568,LYHideCursor,ly-hide-cursor
1569,LYhighlight,ly-highlight
1570,LYhist,ly-hist
1571,LYHistory,ly-history
1572,LYHomeDir,ly-home-dir
1573,LYHostName,ly-host-name
1574,LYImageMap,ly-image-map
1575,LYImageMaps,ly-image-maps
1576,LYindex,ly-index
1577,LYInfoAdvanced,ly-info-advanced
1578,LYinternal,ly-internal
1579,LYisAbsPath,ly-is-abs-path
1580,LYIsASCII,ly-is-ascii
1581,LYisConfiguredForX,ly-is-configured-for-x
1582,LYIsDosDrive,ly-is-dos-drive
1583,LYIsHtmlSep,ly-is-html-sep
1584,LYIsListpageTitle,ly-is-list-page-title
1585,LYisLocalAlias,ly-is-local-alias
1586,LYisLocalFile,ly-is-local-file
1587,LYisLocalHost,ly-is-local-host
1588,LYisNonAlnumKeyname,ly-is-non-alnum-key-name
1589,LYIsNullDevice,ly-is-null-device
1590,LYIsPathSep,ly-is-path-separator
1591,LYIsPipeCommand,ly-is-pipe-command
1592,LYisRootPath,ly-is-root-path
1593,LYIsUIPage,ly-isuipage
1594,LYJump,ly-jump
1595,LYJumpFileURL,ly-jump-file-url
1596,LYJumpInit,ly-jump-init
1597,LYJumpTable,ly-jump-table
1598,LYK,ly-k
1599,LYKbLayoutNames,ly-kb-layout-names
1600,LYKbLayouts,ly-kb-layouts
1601,LYKeycodeToKcmd,ly-key-code-to-k-cmd
1602,LYKeycodeToString,ly-key-code-to-string
1603,LYKeyForEditAction,ly-key-for-edit-action
1604,LYKeymap,ly-keymap
1605,LYKeymapCode,ly-keymap-code
1606,LYLastPathSep,ly-last-path-sep
1607,LYLeak,ly-leak
1608,LYLeakCalloc,ly-leak-calloc
1609,LYLeakFoo,ly-leak-foo
1610,LYLeakFree,ly-leak-free
1611,LYLeakHTSprintf,ly-leak-ht-sprintf
1612,LYLeakMalloc,ly-leak-malloc
1613,LYLeakRealloc,ly-leak-realloc
1614,LYLeaks,ly-leaks
1615,LYLeakSACat,ly-leak-sa-cat
1616,LYLeakSACopy,ly-leak-sa-copy
1617,LYLeakSAVsprintf,ly-leak-save-sprintf
1618,LYLeakSequence,ly-leak-sequence
1619,LYLegitimizeHREF,ly-legitimize-href
1620,LYLineEdit,ly-line-edit
1621,LYLineeditHelpURL,ly-line-edit-help-url
1622,LYLineeditHelpURLs,ly-line-edit-help-urls
1623,LYLineeditNames,ly-line-edit-names
1624,LYLineEditors,ly-line-editors
1625,LYlines,ly-lines
1626,LYListFmtParse,ly-list-fmt-parse
1627,LYListNewsDates,ly-list-news-dates
1628,LYListNewsNumbers,ly-list-news-numbers
1629,LYLoadCGI,ly-load-cgi
1630,LYLoadCookies,ly-load-cookies
1631,LYLoadIMGmap,ly-load-img-map
1632,LYLoadKeymap,ly-load-keymap
1633,LYLoadMESSAGES,ly-load-messages
1634,LYLocal,ly-local
1635,LYLocalDomain,ly-local-domain
1636,LYLocaleCharset,ly-locale-charset
1637,LYLocalFileToURL,ly-local-file-to-url
1638,LYLocalhostAliases,ly-local-host-aliases
1639,LYLowerCase,ly-lower-case
1640,LYLowercaseA,ly-lower-case-a
1641,LYLowercaseI,ly-lower-case-i
1642,LYlowest,ly-lowest
1643,LYLynxCGI,ly-lynx-cgi
1644,LYLynxCookies,ly-lynx-cookies
1645,LYLynxIMGmap,ly-lynx-img-map
1646,LYLynxKeymap,ly-lynx-keymap
1647,LYLynxMaps,ly-lynx-maps
1648,LYLynxStatusMessages,ly-lynx-status-messages
1649,LYMailPMDF,ly-mail-pmdf
1650,LYMain,ly-main
1651,LYMainLoop,ly-main-loop
1652,LYMap,ly-map
1653,LYMapElement,ly-map-element
1654,LYMapElements,ly-map-elements
1655,LYMapsOnly,ly-maps-only
1656,LYmbcsstrlen,ly-mb-css-strlen
1657,LYmbcsstrncpy,ly-mb-css-strncpy
1658,LYMBM,ly-mbm
1659,LYMBMAdvnced,ly-mbm-advanced
1660,LYMBMBlocked,ly-mbm-blocked
1661,LYMenuVisitedLinks,ly-menu-visited-links
1662,LYMessages,ly-messages
1663,LYmktime,ly-mktime
1664,LYmouse,ly-mouse
1665,LYmove,ly-move
1666,LYMoveToLink,ly-move-to-link
1667,LYMultiBookmarks,ly-multi-bookmarks
1668,lyName,ly-name
1669,LYNewBinFile,ly-new-bin-file
1670,LYNewsPost,ly-news-post
1671,LYNewsPosting,ly-news-posting
1672,LYNewTxtFile,ly-new-txt-file
1673,LYno,ly-no
1674,LYNoCc,ly-no-cc
1675,LYNoCore,ly-no-core
1676,LYNoFromHeader,ly-no-from-header
1677,LYNoISMAPifUSEMAP,ly-no-is-map-if-use-map
1678,LYNonRestartingSIGWINCH,ly-non-restarting-sigwinch
1679,LYNoRefererForThis,ly-no-referer-for-this
1680,LYNoRefererHeader,ly-no-referer-header
1681,LYnoVideo,ly-no-video
1682,LYNoZapKey,ly-no-zap-key
1683,LYNumCharsets,ly-num-charsets
1684,lynxactioncode,lynx-action-code
1685,lynxcfg,lynx-cfg
1686,lynxcfginfo,lynx-cfg-info
1687,LYNXCFLAGS,lynx-cflags
1688,lynxcgi,lynx-cgi
1689,LynxChangeStyle,lynx-change-style
1690,LYNXcharset,lynx-charset
1691,LYNXCOMPILE,lynx-compile
1692,LYNXCOMPILEOPTS,lynx-compile-options
1693,LYNXCOOKIE,lynx-cookie
1694,lynxCSI,lynx-csi
1695,LYNXDIRED,lynx-dired
1696,LYNXDOWNLOAD,lynx-download
1697,lynxeditaction,lynx-edit-action
1698,lynxeditactioncode,lynx-edit-action-code
1699,lynxexec,lynx-exec
1700,lynxfoo,lynx-foo
1701,LYNXHIST,lynx-hist
1702,LynxHome,lynx-home
1703,lynxID,lynx-id
1704,LYNXIMGMAP,lynx-img-map
1705,lynxjumpfile,lynx-jump-file
1706,lynxkeycode,lynx-key-code
1707,lynxkeycodes,lynx-key-codes
1708,LYNXKEYMAP,lynx-keymap
1709,lynxlinksfile,lynx-links-file
1710,lynxlistfile,lynx-list-file
1711,LynxMaps,lynx-maps
1712,LYNXMESSAGES,lynx-messages
1713,LYNXname,lynx-name
1714,LYNXOPTIONS,lynx-options
1715,LYNXPRINT,lynx-print
1716,lynxprog,lynx-prog
1717,lynxrc,lynx-rc
1718,LynxResetScreenCache,lynx-reset-screen-cache
1719,LynxSigFile,lynx-sig-file
1720,LynxWChangeStyle,lynx-w-change-style
1721,LYonedot,ly-one-dot
1722,LYOpenCFG,ly-open-cfg
1723,LYOpenCmdLogfile,ly-open-cmd-log-file
1724,LYOpenCmdScript,ly-open-cmd-script
1725,LYOpenlog,ly-openlog
1726,LYOpenScratch,ly-open-scratch
1727,LYOpenTemp,ly-open-temp
1728,LYOpenTempRewrite,ly-open-temp-rewrite
1729,LYOpenTraceLog,ly-open-trace-log
1730,LYoptions,ly-options
1731,LYOutOfMemory,ly-out-of-memory
1732,LYoverride,ly-override
1733,LYP,ly-p
1734,LYpaddstr,ly-padd-str
1735,LYParseRefreshURL,ly-parse-refresh-url
1736,LYParseTagParam,ly-parse-tag-param
1737,LYPathLeaf,ly-path-leaf
1738,LYPathOffHomeOK,ly-path-off-home-ok
1739,LYPermitURL,ly-permit-url
1740,LYPipeToMailer,ly-pipe-to-mailer
1741,LYpop,ly-pop
1742,LYPopAssumed,ly-pop-assumed
1743,LYPrefixBaseToSource,ly-prefix-base-to-source
1744,LYPreparsedSource,ly-preparsed-source
1745,LYPrependBase,ly-prepend-base
1746,LYPrependBaseToSource,ly-prepend-base-to-source
1747,LYPrependCharsetToSource,ly-prepend-charset-to-source
1748,LYPrint,ly-print
1749,LYProcessSetCookie,ly-process-set-cookie
1750,LYProcessSetCookies,ly-process-set-cookies
1751,LYpsrc,ly-psrc
1752,LYpush,ly-push
1753,LYPushAssumed,ly-push-assumed
1754,LYputEnum,ly-put-enum
1755,LYQuitDefaultYes,ly-quit-default-yes
1756,LYRawMode,ly-raw-mode
1757,LYrcFile,ly-rc-file
1758,LYrcShowColor,ly-rc-show-color
1759,LYRead,ly-read
1760,LYReadCFG,ly-read-cfg
1761,LYReadCmdKey,ly-read-cmd-key
1762,LYRefererWithQuery,ly-referer-with-query
1763,LYrefresh,ly-refresh
1764,LYRefreshEdit,ly-refresh-edit
1765,LYRegisterLynxProtocols,ly-register-lynx-protocols
1766,LYRegisterUIPage,ly-register-ui-page
1767,LYRelaxFilePermissions,ly-relax-file-permissions
1768,LYRemapEditBinding,ly-remap-edit-binding
1769,LYRemoveBlanks,ly-remove-blanks
1770,LYRemoveFromCloset,ly-remove-from-closet
1771,LYRemoveNewlines,ly-remove-newlines
1772,LYRemoveTemp,ly-remove-temp
1773,LYRenamedTemp,ly-renamed-temp
1774,LYReopenTemp,ly-reopen-temp
1775,LYReopenTracelog,ly-reopen-trace-log
1776,LYRequestReferer,ly-request-referer
1777,LYRequestTitle,ly-request-title
1778,LYResetParagraphAlignment,ly-reset-paragraph-alignment
1779,LYRestricted,ly-restricted
1780,LYresubmit,ly-resubmit
1781,LYReuseTempfiles,ly-reuse-temp-files
1782,LYReverseKeymap,ly-reverse-keymap
1783,LYSafeGets,ly-safe-gets
1784,LYSameFilename,ly-same-file-name
1785,LYSameHostname,ly-same-host-name
1786,LYsb,ly-sb
1787,LYscreen,ly-screen
1788,LYscreenHeight,ly-screen-height
1789,LYscreenWidth,ly-screen-width
1790,LYSeekFragAREAinCur,ly-seek-fragt-are-a-in-cur
1791,LYSeekFragMAPinCur,ly-seek-frag-map-in-cur
1792,LYSelectPopups,ly-select-popups
1793,LYSendMailFile,ly-send-mail-file
1794,LYSetConfigValue,ly-set-config-value
1795,LYSetCookie,ly-set-cookie
1796,LYSetCookies,ly-set-cookies
1797,LYSetHilite,ly-set-hilite
1798,LYSetHiText,ly-set-hi-text
1799,LYSetKbLayout,ly-set-kb-layout
1800,LYSetLastTFPos,ly-set-last-tf-pos
1801,LYSetNewline,ly-set-newline
1802,LYSetupEdit,ly-setup-edit
1803,LYsetWAttr,ly-set-w-attr
1804,LYsetXDisplay,ly-set-x-display
1805,LYshiftWin,ly-shift-win
1806,LYShowColor,ly-show-color
1807,LYShowCursor,ly-show-cursor
1808,LYShowInfo,ly-show-info
1809,LYShowScrollbar,ly-show-scrollbar
1810,LYShowTransferRate,ly-show-transfer-rate
1811,LYShowVisitedLinks,ly-show-visited-links
1812,LYSigHandlerFunc,ly-sig-handler-func
1813,LYSkipBlanks,ly-skip-blanks
1814,LYSkipCBlanks,ly-skip-c-blanks
1815,LYSkipCNonBlanks,ly-skip-c-non-blanks
1816,LYSkipNonBlanks,ly-skip-non-blanks
1817,LYSleep,ly-sleep
1818,LYSleepAlert,ly-sleep-alert
1819,LYSleepDebug,ly-sleep-debug
1820,LYSleepInfo,ly-sleep-info
1821,LYSleepMsg,ly-sleep-msg
1822,LYSleepReplay,ly-sleep-replay
1823,LYStartArea,ly-start-area
1824,LYstartPopup,ly-start-popup
1825,LYstartTargetEmphasis,ly-start-target-emphasis
1826,LYstatusline,ly-status-line
1827,LYStdinArgs,ly-stdin-args
1828,LYstopPopup,ly-stop-popup
1829,LYstopTargetEmphasis,ly-stop-target-emphasis
1830,LYstore,ly-store
1831,LYStoreCookies,ly-store-cookies
1832,LYstowCursor,ly-stow-cursor
1833,LYStrerror,ly-str-error
1834,LYSTRING,ly-string
1835,LYStrings,ly-strings
1836,LYStringToKcmd,ly-string-to-k-comand
1837,LYStringToKeycode,ly-string-to-key-code
1838,LYStripDotDotURLs,ly-strip-dot-dot-urls
1839,LYstrncpy,ly-str-n-copy
1840,LYstrsep,ly-str-sep
1841,LYstrstr,ly-str-str
1842,LYstyles,ly-styles
1843,LYsubAttr,ly-sub-attr
1844,LYsubWAttr,ly-sub-w-attr
1845,LYsubwindow,ly-sub-window
1846,LYSuffixRules,ly-suffix-rules
1847,LYSyslog,ly-sys-log
1848,LYSysShell,ly-sys-shell
1849,LYSystem,ly-system
1850,LYSystemMail,ly-system-mail
1851,LYtableCols,ly-table-cols
1852,LYToggleSigDfl,ly-toggle-sig-dfl
1853,LYToolbarName,ly-toolbar-name
1854,LYtopwindow,ly-top-window
1855,LYtouchline,ly-touch-line
1856,LYTraceLogFP,ly-trace-log-fp
1857,LYTraceLogPath,ly-trace-log-path
1858,LYTransferName,ly-transfer-name
1859,LYTransferRate,ly-transfer-rate
1860,LYTrimAllStartfile,ly-trim-all-start-file
1861,LYTrimHead,ly-trim-head
1862,LYTrimHtmlSep,ly-trim-html-sep
1863,LYtrimInputFields,ly-trim-input-fields
1864,LYTrimLeading,ly-trim-leading
1865,LYTrimNewline,ly-trim-newline
1866,LYTrimPathSep,ly-trim-path-sep
1867,LYTrimRelFromAbsPath,ly-trim-relative-from-absolute-path
1868,LYTrimStartfile,ly-trim-start-file
1869,LYTrimTail,ly-trim-tail
1870,LYTrimTrailing,ly-trim-trailing
1871,LYTrusted,ly-trusted
1872,LYUCcharset,ly-uc-charset
1873,LYUCFullyTranslateString,ly-uc-fully-translate-string
1874,LYUCPopAssumed,ly-uc-pop-assumed
1875,LYUCPushAssumed,ly-uc-push-assumed
1876,LYUCTranslateBackFormData,ly-uc-translate-back-form-data
1877,LYUCTranslateBackHeaderText,ly-uc-translate-back-header-text
1878,LYUCTranslateHTMLString,ly-uc-translate-html-string
1879,LYUIPages,ly-ui-pages
1880,LYUnderlineLinks,ly-underline-links
1881,LYUnEscapeEntities,ly-unescape-entities
1882,LYUnEscapeToLatinOne,ly-unescape-to-latin-one
1883,LYUnRegisterUIPage,ly-unregister-ui-page
1884,LYUpload,ly-upload
1885,LYUpperCase,ly-upper-case
1886,LYUppercaseA,ly-upper-case-a
1887,LYUppercaseI,ly-upper-case-i
1888,LYUseBuiltinSuffixes,ly-use-builtin-suffixes
1889,LYuseCursesPads,ly-use-curses-pads
1890,LYUseDefaultRawMode,ly-use-default-raw-mode
1891,LYUseDefSelPop,ly-use-def-sel-pop
1892,LYUseFormsOptions,ly-use-forms-options
1893,LYUseMouse,ly-use-mouse
1894,LYUseNoviceLineTwo,ly-use-novice-line-two
1895,LYUserAgent,ly-user-agent
1896,LYUserAgentDefault,ly-user-agent-default
1897,LYUserSpecifiedURL,ly-user-specified-url
1898,LYUseTraceLog,ly-use-trace-log
1899,LYUtil,ly-util
1900,LYUtils,ly-utils
1901,LYva,ly-va
1902,LYValidate,ly-validate
1903,LYValidateFilename,ly-validate-file-name
1904,LYValidateOutput,ly-validate-output
1905,LYValidDownloadFile,ly-valid-download-file
1906,LYValidPermitFile,ly-valid-permit-file
1907,LYVersionDate,ly-version-date
1908,LYVersionIsRelease,ly-version-is-release
1909,LYVersionStatus,ly-version-status
1910,LYVMS,ly-vms
1911,LYwideLines,ly-wide-lines
1912,LYwin,ly-win
1913,LYwouldPush,ly-would-push
1914,LYWriteCmdKey,ly-write-command-key
1915,LYX,lynx
1916,LYZero,ly-zero
1917,MACBINHEX,mac-binary-hexadecimal
1918,MadGoat,mad-goat
1919,mailcap,mail-cap
1920,MailcapEntry,mail-cap-entry
1921,mailmsg,mail-msg
1922,MailRobot,mail-robot
1923,mailto,mail-to
1924,mainloop,main-loop
1925,MainText,main-text
1926,maintype,main-type
1927,makeAny,make-any
1928,makeAttributeTerm,make-attribute-term
1929,makeBitMap,make-bitmap
1930,makeDiag,make-diag
1931,makeDocObjUsingBytes,make-doc-obj-using-bytes
1932,makeDocObjUsingLines,make-doc-obj-using-lines
1933,makeDocObjUsingParagraphs,make-doc-obj-using-paragraphs
1934,makeDocObjUsingWholeDocument,make-doc-obj-using-whole-document
1935,Makefile,make-file
1936,makeInitResponseAPDU,make-init-response-a-pdu
1937,MakeNewImageValue,make-new-image-value
1938,MakeNewMapValue,make-new-map-value
1939,MakeNewTitle,make-new-title
1940,makeOperatorTerm,make-operator-term
1941,makeProtectionTemplate,make-protection-template
1942,makeResultSetTerm,make-result-set-term
1943,makeSearchAPDU,make-search-a-pdu
1944,makeSearchResponseAPDU,make-search-response-a-pdu
1945,maketags,make-tags
1946,makeWAISDocumentCodes,make-wais-document-codes
1947,makeWAISDocumentHeader,make-wais-document-header
1948,makeWAISDocumentHeadlines,make-wais-document-headlines
1949,makeWAISDocumentLongHeader,make-wais-document-long-header
1950,makeWAISDocumentShortHeader,make-wais-document-short-header
1951,makeWAISDocumentText,make-wais-document-text
1952,makeWAISFOO,make-wais-foo
1953,makeWAISInitResponse,make-wais-init-response
1954,makeWAISQueryDocs,make-wais-query-docs
1955,makeWAISQueryTerms,make-wais-query-terms
1956,makeWAISSearch,make-wais-search
1957,makeWAISSearchResponse,make-wais-search-response
1958,makeWAISTextQuery,make-wais-text-query
1959,MAKEWORD,make-word
1960,MapAddress,map-address
1961,MapGN,map-gn
1962,MapTitle,map-title
1963,MAXBUF,max-buf
1964,maxbytes,max-bytes
1965,maxchars,max-chars
1966,MAXCHARSETS,max-charsets
1967,MAXCHOICES,max-choices
1968,maxclick,max-click
1969,MAXCOLSPAN,max-col-span
1970,MAXDOCS,max-docs
1971,maxDocsRetrieved,max-docs-retrieved
1972,maxdsp,max-dsp
1973,MAXFILES,max-files
1974,MAXHIST,max-hist
1975,MAXHOSTNAMELEN,max-host-name-len
1976,MaximumRecordSize,maximum-record-size
1977,MaximumSize,maximum-size
1978,maxlen,max-len
1979,maxlength,max-length
1980,MAXLINKS,max-links
1981,maxMessage,max-message
1982,maxMsgSize,max-msg-size
1983,MAXNAML,max-name-l
1984,MAXPATH,max-path
1985,MAXPATHNAME,max-path-name
1986,maxpos,max-pos
1987,maxrec,max-rec
1988,MAXROWSPAN,max-row-span
1989,MAXRSS,max-rss
1990,maxstr,max-str
1991,MaxStringSize,max-string-size
1992,maxToAdd,max-to-add
1993,maxTotal,max-total
1994,MAXVAL,max-val
1995,maxvalue,max-value
1996,maybe,may-be
1997,MaybeSelect,may-be-select
1998,MBMcodes,mbm-codes
1999,mbrtowc,mbr-to-wc
2000,mbstate,mb-state
2001,MediumSetPresentNumber,medium-set-present-number
2002,MemAllocCopy,mem-alloc-copy
2003,MessageBox,message-box
2004,messageid,message-id
2005,MessageSecs,message-secs
2006,miCACHE,mi-cache
2007,miCHECK,mi-check
2008,miCONNECTION,mi-connection
2009,miCONTENT,mi-content
2010,miCOOKIE,mi-cookie
2011,miDATE,mi-date
2012,miEXPIRES,mi-expires
2013,miGET,mi-get
2014,miJUNK,mi-junk
2015,miKEEP,mi-keep
2016,miLAST,mi-last
2017,miLINK,mi-link
2018,miLOCATION,mi-location
2019,MIMEcharset,mime-charset
2020,mimeName,mime-name
2021,miNEWLINE,mi-newline
2022,minoffset,min-offset
2023,miPRAGMA,mi-pragma
2024,miPROXY,mi-proxy
2025,miPUBLIC,mi-public
2026,miREFRESH,mi-refresh
2027,miRETRY,mi-retry
2028,miSAFE,mi-safe
2029,miSERVER,mi-server
2030,miSET,mi-set
2031,miWWW,mi-www
2032,modeflag,mode-flag
2033,monoattr,mono-attr
2034,monobyte,mono-byte
2035,monochrome,mono-chrome
2036,MOREHELP,more-help
2037,mostlikely,most-likely
2038,mouseinterval,mouse-interval
2039,mousemask,mouse-mask
2040,msgBuffer,msg-buffer
2041,msgid,msg-id
2042,msgprefix,msg-prefix
2043,MsgStr,msg-str
2044,msgtmp,msg-tmp
2045,msvideo,ms-video
2046,MTaddress,mt-address
2047,MultiBookmark,multi-bookmark
2048,multibookmarks,multi-bookmarks
2049,multibye,multi-bye
2050,multibyte,multi-byte
2051,multibytes,multi-bytes
2052,Multiformat,multi-format
2053,multiline,multi-line
2054,MultipartContentType,multipart-content-type
2055,multithread,multi-thread
2056,multithreading,multi-threading
2057,mustshow,must-show
2058,mutable,mu-table
2059,mycopy,my-copy
2060,MyEdit,my-edit
2061,myEnc,my-enc
2062,myEncoding,my-encoding
2063,myGetChar,my-get-char
2064,myHash,my-hash
2065,myList,my-list
2066,myMimeName,my-mime-name
2067,mypos,my-pos
2068,myPutc,my-putc
2069,myTag,my-tag
2070,mytty,my-tty
2071,myUid,my-uid
2072,NAMEFLD,name-fld
2073,namelen,name-len
2074,namelength,name-length
2075,Nameless,name-less
2076,nameOfFile,name-of-file
2077,NameToGid,name-to-gid
2078,NameToUid,name-to-uid
2079,namlen,nam-len
2080,nbytesdecoded,n-bytes-decoded
2081,ncells,n-cells
2082,ncols,n-cols
2083,nConfiguration,n-configuration
2084,nContent,n-content
2085,needsterminal,needs-terminal
2086,needtofree,need-to-free
2087,NegateLineOne,negate-line-one
2088,nError,n-error
2089,NETCLOSE,net-close
2090,netdb,net-db
2091,netinet,net-inet
2092,NETLIB,net-lib
2093,NetPresenz,net-presenz
2094,netread,net-read
2095,NetToText,net-to-text
2096,NetToTextClass,net-to-text-class
2097,newAnchor,new-anchor
2098,newBytes,new-bytes
2099,newCookie,new-cookie
2100,newcs,new-cs
2101,newdata,new-data
2102,newdoc,new-doc
2103,newfile,new-file
2104,newFont,new-font
2105,newform,new-form
2106,newhost,new-host
2107,newlen,new-len
2108,newline,newline
2109,NewlineCharacters,newline-characters
2110,newLineChars,newline-chars
2111,newlines,newlines
2112,newlink,new-link
2113,newList,new-list
2114,newmail,new-mail
2115,newmode,new-mode
2116,NEWMSG,new-msg
2117,newname,new-name
2118,newNode,new-node
2119,newObject,new-object
2120,newpad,new-pad
2121,newpath,new-path
2122,newpool,new-pool
2123,newpos,new-pos
2124,newreply,new-reply
2125,NEWROW,new-row
2126,newschunksize,news-chunk-size
2127,newscr,news-cr
2128,newScratchSize,new-scratch-size
2129,NewSecureValue,new-secure-value
2130,NEWSfoo,news-foo
2131,newsgroup,news-group
2132,newsgroups,news-groups
2133,NewsHost,news-host
2134,NewsHREF,news-href
2135,newsmaxchunk,news-max-chunk
2136,newspost,news-post
2137,NEWSPOSTING,news-posting
2138,newsreply,news-reply
2139,newstate,new-state
2140,newstyle,new-style
2141,newterm,new-term
2142,newtitle,new-title
2143,newval,new-val
2144,newwin,new-win
2145,newWithAddress,new-with-address
2146,newWithParent,new-with-parent
2147,nextfield,next-field
2148,NEXTFLD,next-fld
2149,NEXTID,next-id
2150,nextlink,next-link
2151,nextObject,next-object
2152,nextPos,next-pos
2153,NextResultSetPosition,next-result-set-position
2154,nextrow,next-row
2155,nextstep,next-step
2156,nfields,n-fields
2157,nget,n-get
2158,NNTPAuth,nntp-auth
2159,NNTPAuthResult,nntp-auth-result
2160,NNTPS,nntps
2161,NNTPSERVER,nntp-server
2162,noaccount,no-account
2163,noargv,no-argv
2164,noarrow,no-arrow
2165,NOAUTH,no-auth
2166,nobody,no-body
2167,nobold,no-bold
2168,NOBOOK,no-book
2169,nobrowse,no-browse
2170,nocache,no-cache
2171,NOCHOP,no-chop
2172,NOCJK,no-cjk
2173,NOCMDLINE,no-cmd-line
2174,nocolor,no-color
2175,noconfirm,no-confirm
2176,nodeAnchor,node-anchor
2177,nodelay,no-delay
2178,nodename,node-name
2179,noecho,no-echo
2180,NOEDIT,no-edit
2181,NOFILTR,no-filter
2182,NOFIX,no-fix
2183,NOFRAMES,no-frames
2184,nogroup,no-group
2185,NOKANJI,no-kanji
2186,NOLINKS,no-links
2187,nolist,no-list
2188,nolog,no-log
2189,nonascii,non-ascii
2190,nonblank,non-blank
2191,NONBLOCK,non-block
2192,nonempty,non-empty
2193,NONESUCH,none-such
2194,nonexisting,non-existing
2195,NONINTERNAL,non-internal
2196,nonnull,non-null
2197,nonoption,non-option
2198,nonprintable,non-print-table
2199,nonprinting,non-printing
2200,nonrest,non-rest
2201,nonsense,non-sense
2202,nonsensical,non-sensical
2203,nonspaces,non-spaces
2204,nonstandard,non-standard
2205,nonwhite,non-white
2206,nonzero,non-zero
2207,NOOPEN,no-open
2208,NOOUTPUT,no-output
2209,nop,nop
2210,nopause,no-pause
2211,noprompt,no-prompt
2212,NoProxy,no-proxy
2213,NORECALL,no-recall
2214,noreverse,no-reverse
2215,normalCmpList,normal-cmp-list
2216,noself,no-self
2217,NOSIGHUP,no-sighup
2218,nosocks,no-socks
2219,nostyle,no-style
2220,notag,no-tag
2221,NOTDEFINED,not-defined
2222,NOTREACHED,not-reached
2223,NOTREPEAT,not-repeat
2224,notty,no-tty
2225,NOTUSED,not-used
2226,NOTYET,not-yet
2227,NoUctb,no-uctb
2228,nounderline,no-underline
2229,NOUSERS,no-users
2230,noviceline,novice-line
2231,nowait,no-wait
2232,nowhere,no-where
2233,NowTime,now-time
2234,nozap,no-zap
2235,NPAGE,n-page
2236,npages,n-pages
2237,nPlease,n-please
2238,nptr,n-ptr
2239,ndisplayed,n-displayed
2240,nremove,n-remove
2241,nreturn,n-return
2242,nrows,n-rows
2243,nsave,n-save
2244,nsize,n-size
2245,nSorry,n-sorry
2246,nstartp,n-start-p
2247,nstring,n-string
2248,NStyle,n-style
2249,nSubject,n-subject
2250,nSummary,n-summary
2251,nText,n-text
2252,nThere,n-there
2253,nTo,n-to
2254,ntohs,n-to-hs
2255,nTreeTopObject,n-tree-top-object
2256,Nttyb,n-tty-b
2257,nTurning,n-turning
2258,NULLFILE,null-file
2259,numberA,number-a
2260,numberB,number-b
2261,NumberOfRecordsReturned,number-of-records-returned
2262,numBits,num-bits
2263,NumBytes,num-bytes
2264,NumCookies,num-cookies
2265,NUMERICHOST,numeric-host
2266,NUMERICSERV,numeric-serv
2267,numlock,num-lock
2268,nummsg,num-msg
2269,NumOfLines,num-of-lines
2270,nums,nums
2271,NumSize,num-size
2272,numstyles,num-styles
2273,numTabs,num-tabs
2274,numTerms,num-terms
2275,nvalue,n-value
2276,NXGetDefaultValue,nx-get-default-value
2277,NXPrintf,nx-printf
2278,NXRun,nx-run
2279,NXRunAlertPanel,nx-run-alert-panel
2280,NXScanf,nx-scanf
2281,NXStream,nx-stream
2282,NXTextStyle,nx-text-style
2283,objectAt,object-at
2284,objectdata,object-data
2285,objnum,obj-num
2286,ObjType,obj-type
2287,oct,oct
2288,ohandle,o-handle
2289,ohcode,oh-code
2290,OKCANCEL,ok-cancel
2291,okToSleep,ok-to-sleep
2292,oldAlloced,old-alloc-ed
2293,oldmode,old-mode
2294,oldname,old-name
2295,oldObject,old-object
2296,oldpos,old-pos
2297,OLstring,ol-string
2298,oneline,one-line
2299,online,online
2300,onscreen,on-screen
2301,openbr,open-br
2302,opendir,open-dir
2303,opendirx,open-dirx
2304,OpenHiddenFile,open-hidden-file
2305,openssl,open-ssl
2306,OpenVMS,open-vms
2307,operatorCode,operator-code
2308,opname,op-name
2309,opnum,op-num
2310,OPROMPT,o-prompt
2311,optionsBM,options-bm
2312,OptionType,option-type
2313,optname,opt-name
2314,optptr,opt-ptr
2315,opts,opts
2316,OptValues,opt-values
2317,OrigNumValue,orig-num-value
2318,othersym,other-sym
2319,outbuf,out-buf
2320,outbufsize,out-buf-size
2321,outchar,out-char
2322,outfile,out-file
2323,outfmod,out-f-mode
2324,outformat,out-format
2325,outMIMEname,out-mime-name
2326,OUTOF,out-of
2327,outofmem,out-of-mem
2328,outofmemory,out-of-memory
2329,outptr,out-ptr
2330,OutputSet,output-set
2331,outUCI,out-uci
2332,paccept,p-accept
2333,pagedir,page-dir
2334,pageDisplay,page-display
2335,pageHasPrevTarget,page-has-prev-target
2336,pagelen,page-len
2337,paraStyle,para-style
2338,ParentAnchor,parent-anchor
2339,ParentAnchors,parent-anchors
2340,parseArgList,parse-arg-list
2341,ParseFunc,parse-func
2342,parseGroupDef,parse-group-def
2343,ParseHTML,parse-html
2344,parseProtFile,parse-prot-file
2345,ParseUnionOf,parse-union-of
2346,ParseUnionPtr,parse-union-ptr
2347,PARTESCAPE,part-escape
2348,PassesTest,passes-test
2349,PASSHI,pass-hi
2350,PASSHICTRL,pass-hi-ctrl
2351,PassThruCache,pass-thru-cache
2352,pathconf,path-conf
2353,pathend,path-end
2354,pathlen,path-len
2355,pathname,path-name
2356,PATHSEP,path-sep
2357,PCBINARY,pc-binary
2358,pcdata,pc-data
2359,pcharset,p-charset
2360,pclose,p-close
2361,pdcurses,pd-curses
2362,pdesc,p-desc
2363,pdoctitle,p-document-title
2364,pduType,pdu-type
2365,peekPDUType,peek-pdu-type
2366,peekTag,peek-tag
2367,pencoding,p-encoding
2368,pending,p-ending
2369,penultimate,p-enultimate
2370,PerFormInfo,perform-info
2371,PerlServers,perl-servers
2372,permitredir,permit-redir
2373,permitredirection,permit-redir
2374,placeholder,place-holder
2375,placeholders,place-holders
2376,PlainPresenter,plain-presenter
2377,PlainText,plain-text
2378,PlainToHTML,plain-to-html
2379,PlainToHTMLConversion,plain-to-html-conversion
2380,POOLallocstring,pool-alloc-string
2381,POOLallocstyles,pool-alloc-styles
2382,poolptr,pool-ptr
2383,POOLtypecalloc,pool-type-calloc
2384,portnumber,port-number
2385,postfile,post-file
2386,postoptions,post-options
2387,PostPair,post-pair
2388,POSTReplyLoaded,post-reply-loaded
2389,PreferredMessageSize,preferred-message-size
2390,prefSize,pref-size
2391,PresentAPDU,present-a-pdu
2392,PresentResponseAPDU,present-response-a-pdu
2393,presentStatus,present-status
2394,PRETTYSRC,pretty-src
2395,prev,prev
2396,prevdata,prev-data
2397,PreviousLineEmpty,previous-line-empty
2398,PreviousLineSize,previous-line-size
2399,PreviousSearch,previous-search
2400,prevNode,prev-node
2401,prevsumpos,prev-sum-pos
2402,PrevVisitedLink,prev-visited-link
2403,printcommand,print-command
2404,printfile,print-file
2405,printGroupDef,print-group-def
2406,printlist,print-list
2407,ProcessMailcapEntry,process-mail-cap-entry
2408,ProcessMailcapFile,process-mail-cap-file
2409,procInfo,proc-info
2410,ProgramPaths,program-paths
2411,ProtectionTemplate,protection-template
2412,ProtocolVersion,protocol-version
2413,proxiedHost,proxied-host
2414,proxyauth,proxy-auth
2415,proxycmd,proxy-cmd
2416,ProxyHost,proxy-host
2417,ProxyHREF,proxy-href
2418,Pubkey,pub-key
2419,pumpData,pump-data
2420,PutDefs,put-defs
2421,putenv,put-env
2422,PutLabel,put-label
2423,PutOption,put-option
2424,PutOptValues,put-opt-values
2425,PutTextInput,put-text-input
2426,queryInfo,query-info
2427,QueryNum,query-num
2428,queryResponse,query-response
2429,QueryTotal,query-total
2430,QueryType,query-type
2431,quicktime,quick-time
2432,Raccept,r-accept
2433,rateOFF,rate-off
2434,rawentry,raw-entry
2435,rawentryalloc,raw-entry-alloc
2436,rawlength,raw-length
2437,Rawmode,raw-mode
2438,rawtarget,raw-target
2439,rawtargetClass,raw-target-class
2440,rawtext,raw-text
2441,Rconnect,r-connect
2442,rdstdin,rd-stdin
2443,rdstdout,rd-stdout
2444,readBinaryInteger,read-binary-integer
2445,readBitMap,read-bitmap
2446,readBoolean,read-boolean
2447,readByte,read-byte
2448,ReadCFG,read-cfg
2449,readCompressedInteger,read-compressed-integer
2450,READCSS,read-css
2451,readDiag,read-diag
2452,readdir,read-dir
2453,readDocObj,read-doc-obj
2454,readFromFile,read-from-file
2455,readFromFileREC,read-from-file-rec
2456,readGroupFile,read-group-file
2457,readInitResponseAPDU,read-init-response-a-pdu
2458,readInitResponseInfo,read-init-response-info
2459,Readjust,read-just
2460,readlink,read-link
2461,readNum,read-num
2462,readPos,read-pos
2463,readPresentInfo,read-present-info
2464,readPresentResponseInfo,read-present-response-info
2465,readprogress,read-progress
2466,readquery,read-query
2467,readQueryTerm,read-query-term
2468,readret,read-ret
2469,readSearchInfo,read-search-info
2470,readSearchResponseAPDU,read-search-response-a-pdu
2471,readSearchResponseInfo,read-search-response-info
2472,readString,read-string
2473,readTag,read-tag
2474,readUserInfoHeader,read-user-info-header
2475,READVBLK,read-v-blk
2476,readWAISDocumentCodes,read-wais-document-codes
2477,readWAISDocumentHeader,read-wais-document-header
2478,readWAISDocumentHeadlines,read-wais-document-headlines
2479,readWAISDocumentLongHeader,read-wais-document-long-header
2480,readWAISDocumentShortHeader,read-wais-document-short-header
2481,readWAISDocumentText,read-wais-document-text
2482,readWAISPacketHeader,read-wais-packet-header
2483,readWAISTextQuery,read-wais-text-query
2484,ReallyEmptyTag,really-empty-tag
2485,ReallyEmptyTagNum,really-empty-tag-num
2486,realmname,realm-name
2487,RecallFilename,recall-file-name
2488,RecallType,recall-type
2489,RecordLength,record-length
2490,recordsReturned,records-returned
2491,redone,re-done
2492,redopen,re-dopen
2493,redraw,re-draw
2494,redrawing,re-drawing
2495,redrawn,re-drawn
2496,redraws,re-draws
2497,redswitch,red-switch
2498,redunswitch,redun-switch
2499,ReferenceID,reference-id
2500,references,references
2501,referenceSelected,reference-selected
2502,rehostent,re-hostent
2503,rehostentlen,re-hostent-lenength
2504,rehostentsize,re-hostent-size
2505,reinsertEdit,reinsert-edit
2506,relatedName,related-name
2507,RelatedProducts,related-products
2508,RelevanceFeedbackQuery,relevance-feedback-query
2509,RELPATH,rel-path
2510,RelTitle,rel-title
2511,RememberTestResult,remember-test-result
2512,remoteAddr,remote-addr
2513,removeFirstObject,remove-first-object
2514,RemoveFromList,remove-from-list
2515,removeLastObject,remove-last-object
2516,removeObject,remove-object
2517,removeObjectAt,remove-object-at
2518,RemovePreviousLine,remove-previous-line
2519,ReplaceIndicator,replace-indicator
2520,replaceSel,replace-sel
2521,ReplaySecs,replay-secs
2522,replyto,reply-to
2523,replyToInitAPDU,reply-to-init-a-pdu
2524,reserveCellsInRow,reserve-cells-in-row
2525,reserveCellsInTable,reserve-cells-in-table
2526,RESERVEDCELL,reserved-cell
2527,ResetForm,reset-form
2528,resetUCInfoStage,reset-uc-info-stage
2529,resizeterm,resize-term
2530,resolveGroupReferences,resolve-group-preferences
2531,ResolveYield,resolve-yield
2532,resourceControl,resource-control
2533,restorePoundSelector,restore-pound-selector
2534,resultSetID,result-set-id
2535,ResultSetName,result-set-name
2536,ResultSetStatus,result-set-status
2537,resultStatus,result-status
2538,ReturnLengthAddress,return-length-address
2539,RevTitle,rev-title
2540,Rgetsockname,r-get-sock-name
2541,RHS,right-ernd-side
2542,richtext,rich-text
2543,rightIndent,right-indent
2544,rlink,r-link
2545,Rlisten,r-listen
2546,rlogin,r-login
2547,rowinfo,row-info
2548,rowspan,row-span
2549,rowspans,row-spans
2550,RPAREN,right-parentheesis
2551,rqst,request
2552,rulesfile,rules-file
2553,runaway,run-away
2554,runoff,run-off
2555,rUnparsed,r-unparsed
2556,RunTimeAllocations,run-time-allocations
2557,SafeHTUnEscape,safe-ht-unescape
2558,safeUCGetLYhndl,safe-uc-get-ly-hndl
2559,samepage,same-page
2560,sametext,same-text
2561,savechar,save-char
2562,saveFlag,save-flag
2563,SaveLocally,save-locally
2564,saveme,save-me
2565,savepath,save-path
2566,savesize,save-size
2567,saveStream,save-stream
2568,SaveToFile,save-to-file
2569,SaveVMSBinaryFile,save-vms-binary-file
2570,ScreenClear,screen-clear
2571,screenful,screen-ful
2572,screensahead,screens-ahead
2573,screensback,screens-back
2574,scrollamount,scroll-amount
2575,scrollback,scroll-back
2576,scrollbar,scroll-bar
2577,scrollBottom,scroll-bottom
2578,scrollDown,scroll-down
2579,scrollok,scroll-ok
2580,scrollTop,scroll-top
2581,scrollUp,scroll-up
2582,scrsize,scr-size
2583,scrtop,scr-top
2584,searchAPDU,search-a-pdu
2585,SearchPanel,search-panel
2586,searchpart,search-part
2587,searchResponseAPDU,search-response-a-pdu
2588,SearchStatus,search-status
2589,searchstring,search-string
2590,seedWords,seed-words
2591,seedWordsUsed,seed-words-used
2592,seekdir,seek-dir
2593,seeother,see-other
2594,selectAnchor,select-anchor
2595,selectionStyle,selection-style
2596,selectScheme,select-scheme
2597,SENSEMODE,sense-mode
2598,ServerType,server-type
2599,setBookmark,set-bookmark
2600,setBreakPoint,set-break-point
2601,SETBY,set-by
2602,setCallerData,set-caller-data
2603,setCitehost,set-cite-host
2604,SetConsoleCtrlHandler,set-console-ctrl-handler
2605,SetConsoleMode,set-console-mode
2606,SetConsoleTitle,set-console-title
2607,SetCookie,set-cookie
2608,setCurrentProtection,set-current-protection
2609,SetDefaultMode,set-default-mode
2610,setDefaultProtection,set-default-protection
2611,setDocument,set-document
2612,setext,set-ext
2613,setfont,set-font
2614,SETFOREGROUND,set-foreground
2615,SetForegroundWindow,set-foreground-window
2616,setFormat,set-format
2617,setgid,set-gid
2618,setHashStyle,set-hash-style
2619,setIds,set-ids
2620,setIgnoreExcess,set-ignore-excess
2621,setIndex,set-index
2622,setKcode,set-k-code
2623,setkey,set-key
2624,setLastChar,set-last-char
2625,setLastOptionValue,set-last-option-value
2626,setlocale,set-locale
2627,setMainTextOwner,set-main-text-owner
2628,SETMARK,set-mark
2629,SETMASK,set-mask
2630,setMessageID,set-message-id
2631,setmode,set-mode
2632,setNoCache,set-no-cache
2633,setNodeAnchorBookmark,set-node-anchor-bookmark
2634,SetOutputMode,set-output-mode
2635,setOwner,set-owner
2636,setPhysical,set-physical
2637,setPrompt,set-prompt
2638,setProtocol,set-protocol
2639,setRevTitle,set-rev-title
2640,setStale,set-stale
2641,setStyle,set-style
2642,setSubject,set-subject
2643,setTabID,set-tab-id
2644,setTitle,set-title
2645,setToolbar,set-toolbar
2646,setUCInfoStage,set-uc-info-stage
2647,setuid,set-uid
2648,SetupChosenShowColor,setup-chosen-show-color
2649,SetupFilename,setup-file-name
2650,setupReader,setup-reader
2651,SevenBitApproximations,seven-bit-approximations
2652,sgmlele,sgml-ele
2653,sgmlent,sgml-ent
2654,SGMLFindTag,sgml-find-tag
2655,SGMLParser,sgml-parser
2656,SGMLshortref,sgml-short-ref
2657,sgmlspecial,sgml-special
2658,SGMLStream,sgml-stream
2659,SGMLTag,sgml-tag
2660,ShortcutNum,shortcut-num
2661,ShortcutTotal,shortcut-total
2662,shortHeaders,short-headers
2663,shortname,short-name
2664,shortref,short-ref
2665,shouldRetryWithAuth,should-retry-with-auth
2666,ShowBool,show-bool
2667,showDiags,show-diags
2668,showhistory,show-history
2669,SHOWINFO,show-info
2670,showlist,show-list
2671,showpage,show-page
2672,showtags,show-tags
2673,SIGABRT,sig-abrt
2674,sigaction,sig-action
2675,sigaddset,sig-add-set
2676,SINGLEKEY,single-key
2677,sitename,site-name
2678,sizechange,size-change
2679,skipOptionNumPrefix,skip-option-num-prefix
2680,skipWHITE,skip-white
2681,slashedtag,slashed-tag
2682,SmallSetUpperBound,small-set-upper-bound
2683,SNACopy,sna-copy
2684,sockaddr,sock-address
2685,somepath,some-path
2686,sortedList,sorted-list
2687,sourceAnchors,source-anchors
2688,SourceCache,source-cache
2689,SourceCacheWriter,source-cache-writer
2690,spaceAfter,space-after
2691,spaceBefore,space-before
2692,spanlen,span-len
2693,SpecialAttrChars,special-attr-chars
2694,specialchars,special-chars
2695,specialcodes,special-codes
2696,spilledname,spilled-name
2697,srcmode,src-mode
2698,srcpath,src-path
2699,SRCs,srcs
2700,srcsize,src-size
2701,SRCSTART,src-start
2702,SRCSTOP,src-stop
2703,SSLcp,ssl-cp
2704,SSLeay,ssl-leavy
2705,sslen,ssl-en
2706,SSLerror,ssl-error
2707,SSLLibraryVersion,ssl-library-version
2708,SSLprogress,ssl-progress
2709,STACKLEVEL,stack-level
2710,stackpos,stack-pos
2711,STAGEMAX,stage-max
2712,STARTAT,start-at
2713,startChunk,start-chunk
2714,startcol,start-col
2715,startfile,start-file
2716,startline,start-line
2717,startO,start-o
2718,startrealm,start-realm
2719,startStblCOL,start-stbl-col
2720,startStblRowGroup,start-stbl-row-group
2721,startStblTABLE,start-stbl-table
2722,startStblTD,start-stbl-td
2723,startStblTR,start-stbl-tr
2724,startTABLE,start-table
2725,startTerm,start-term
2726,startTermOffset,start-term-offset
2727,startUpInfo,startup-info
2728,STATUSBUFSIZE,status-buf-size
2729,StatusInfo,status-info
2730,statusline,status-line
2731,STATUSLINES,status-lines
2732,stockCodes,stock-codes
2733,Storinglinks,storing-links
2734,straightforward,straight-forward
2735,streamstack,stream-stack
2736,stringlength,string-length
2737,stringResult,string-result
2738,stringToAny,string-to-any
2739,strnames,str-names
2740,strsmall,str-small
2741,strtolower,str-to-lower
2742,stylechanges,style-changes
2743,styleclassname,style-class-name
2744,stylename,style-name
2745,subbookmark,sub-bookmark
2746,Subclass,sub-class
2747,subdescript,sub-description
2748,subdirectories,sub-directories
2749,subdirectory,sub-directory
2750,subj,subj
2751,sublist,sub-list
2752,SubmitForm,submit-form
2753,submittable,submit-table
2754,SUBSETOF,subset-of
2755,subspace,sub-space
2756,subthread,sub-thread
2757,SUBTITLE,sub-title
2758,subtract,sub-tract
2759,subtracting,sub-tracting
2760,subtype,sub-type
2761,subwindow,sub-window
2762,SUPERSETOF,superset-of
2763,supportAccessControl,support-access-control
2764,supportResourceControl,support-resource-control
2765,sysfail,sys-fail
2766,syshlp,sys-hlp
2767,syslog,sys-log
2768,sysroot,sys-root
2769,SystemDrive,system-drive
2770,TABLESIZE,table-size
2771,TABSTOP,tab-stop
2772,tagclass,tag-class
2773,tagend,tag-end
2774,tagflag,tag-flag
2775,taglist,tag-list
2776,tagname,tag-name
2777,tagnum,tag-num
2778,tagstart,tag-start
2779,TAHasMoreLines,ta-has-more-lines
2780,TailTrim,tail-trim
2781,targetClass,target-class
2782,TargetEmphasisON,target-emphasis-on
2783,targetRep,target-rep
2784,telnethopper,telnet-hopper
2785,tempfile,temp-file
2786,tempfiles,temp-files
2787,templateCaseMatch,template-case-match
2788,templateMatch,template-match
2789,templateMatches,template-matches
2790,TEMPOPEN,temp-open
2791,TEMPSTRINGSIZE,temp-string-size
2792,TerminalSlash,terminal-slash
2793,terminfo,term-info
2794,testcode,test-code
2795,testcommand,test-command
2796,testlast,test-last
2797,testpath,test-path
2798,testtag,test-tag
2799,texinfo,tex-info
2800,textanchor,text-anchor
2801,textarea,text-area
2802,textdomain,text-domain
2803,textfield,text-field
2804,textfields,text-fields
2805,TEXTFLOW,text-flow
2806,textinput,text-input
2807,TEXTLIKE,text-like
2808,textlist,text-list
2809,TextRetrievalQuery,text-retrieval-query
2810,textsearch,text-search
2811,textualnewlines,textual-newlines
2812,thatparent,that-parent
2813,theData,the-data
2814,TheDate,the-date
2815,theHost,the-host
2816,thelink,the-link
2817,theList,the-list
2818,theMap,the-map
2819,thePort,the-port
2820,TheProject,the-project
2821,theTime,the-time
2822,thetitle,the-title
2823,thisacceptcs,this-acceptcs
2824,thisanchor,this-anchor
2825,thisform,this-form
2826,thisgroup,this-group
2827,thisname,this-name
2828,thisparent,this-parent
2829,ThisYear,this-year
2830,TickCount,tick-count
2831,tildeExpand,tilde-expand
2832,tildeIsTop,tilde-is-top
2833,TimeString,time-string
2834,tmpaddress,tmp-address
2835,tmpanchor,tmp-anchor
2836,tmpbuf,tmp-buf
2837,tmpchptr,tmp-ch-ptr
2838,tmpdest,tmp-dest
2839,TMPDIR,tmp-dir
2840,tmpdst,tmp-dst
2841,tmpf,tmp-f
2842,tmpfile,tmp-file
2843,TmpFileLen,tmp-file-len
2844,tmpfilename,tmp-file-name
2845,tmpHash,tmp-hash
2846,TmpStyleOff,tmp-style-off
2847,TmpStyleOn,tmp-style-on
2848,tmptarptr,tmp-tar-ptr
2849,tmptitle,tmp-title
2850,TOASCII,to-ascii
2851,GOTOBUFFER,go-to-buffer
2852,toFile,to-file
2853,tolower,to-lower
2854,toname,to-name
2855,toplevel,top-level
2856,topmost,top-most
2857,topOfStack,top-of-stack
2858,toRead,to-read
2859,totalRead,total-read
2860,TraceFlag,trace-flag
2861,TRACELOG,trace-log
2862,TracelogOpenFailed,trace-log-open-failed
2863,TrimColorClass,trim-color-class
2864,TrimDoubleQuotes,trim-double-quotes
2865,trimHightext,trim-high-text
2866,trimPoundSelector,trim-pound-selector
2867,TrueEmptyLine,true-empty-line
2868,TrueLineSize,true-line-size
2869,truncalert,trunc-alert
2870,trydefault,try-default
2871,typeahead,type-ahead
2872,typecalloc,type-calloc
2873,typecallocn,type-callocn
2874,typeMalloc,type-malloc
2875,typeMallocn,type-mallocn
2876,typeTerm,type-term
2877,UCAnchorInfo,uc-anchor-info
2878,UCAssume,uc-assume
2879,UCCanTranslateFromTo,uc-can-translate-from-to
2880,UCCanTranslateUniTo,uc-can-translate-uni-to
2881,UCCanUniTranslateFrom,uc-can-unit-translate-from
2882,UCChangeTerminalCodepage,uc-change-terminal-code-page
2883,UCcleanup,uc-cleanup
2884,UCconsole,uc-console
2885,UCConvertUniToUtf,uc-convert-unit-to-utf
2886,UCDefs,uc-defs
2887,UCForce,uc-force
2888,UCfree,uc-free
2889,UCGetLYhndl,uc-get-ly-hntl
2890,UCGetLYhntl,uc-get-ly-hntl
2891,UCGetRawUniMode,uc-get-raw-uni-mode
2892,UCGetUniFromUtf,uc-get-uni-from-utf
2893,UCinfo,uc-info
2894,UCInfoStage,uc-info-stage
2895,UCInit,uc-init
2896,UCInitialized,uc-initialized
2897,UCLYhdnl,uc-ly-hdnl
2898,UCLYhndl,uc-ly-hdnl
2899,UCNeedNotTranslate,uc-need-not-translate
2900,UCNumCharsets,uc-num-charsets
2901,ucode,uc-code
2902,ucontext,uc-context
2903,UCPutUtf,uc-put-utf
2904,UCreset,uc-reset
2905,UCReverseTransChar,uc-reverse-trans-char
2906,UCSaveBookmarksInUnicode,uc-save-bookmarks-in-unicode
2907,UCSetBoxChars,uc-set-box-chars
2908,UCStages,uc-stages
2909,UCTransChar,uc-trans-char
2910,UCTransCharStr,uc-trans-char-str
2911,UCTransToUni,uc-trans-to-uni
2912,UCTransUniChar,uc-trans-uni-char
2913,UCTransUniCharStr,uc-trans-uni-char-str
2914,UidToName,uid-to-name
2915,uilist,ui-list
2916,ultrixname,ultrix-name
2917,unfreed,un-freed
2918,ungetc,un-getc
2919,ungetmouse,un-get-mouse
2920,UNGZIP,un-gzip
2921,unhandled,un-handled
2922,unhidden,un-hidden
2923,unhighlight,un-highlight
2924,unhighlighted,un-highlighted
2925,unidefault,uni-default
2926,unimapdesc,uni-map-desc
2927,UNIONWAIT,union-wait
2928,unipair,uni-pair
2929,UniToLowerCase,uni-to-lower-case
2930,unlinkLastObject,unlink-last-object
2931,unlinkObject,un-link-object
2932,unlinkSelection,unlink-selection
2933,unsetkey,unset-key
2934,UpdateBoundary,update-boundary
2935,updated,updated
2936,updateKcode,update-k-code
2937,updateSpecifics,update-specifics
2938,updateSpecifiedKcode,update-specified-k-code
2939,updateStyle,update-style
2940,urlchar,url-char
2941,urldoc,url-doc
2942,URLDomainPrefixes,url-domain-prefixes
2943,URLDomainSuffixes,url-domain-suffixes
2944,urlencoded,url-encoded
2945,URLNum,url-num
2946,URLPath,url-path
2947,urlstring,url-string
2948,URLTotal,url-total
2949,UrlTypes,url-types
2950,UseALTasVALUE,use-alt-as-value
2951,USECMDLINE,use-comand-line
2952,usecontained,use-contained
2953,usecontains,use-contains
2954,usedefault,use-default
2955,UseFixedRecords,use-fixed-records
2956,UsePlainSpace,use-plain-space
2957,useproxy,use-proxy
2958,useragent,user-agent
2959,userAndInetInGroup,user-and-inet-in-group
2960,UserDefList,user-def-list
2961,userdefs,user-defs
2962,userid,user-id
2963,userInfo,user-info
2964,UserInfoField,user-info-field
2965,userInfoTagSize,user-info-tag-size
2966,userlen,user-len
2967,userMode,user-mode
2968,usermsg,user-msg
2969,username,user-name
2970,UserNameDesc,user-name-desc
2971,USERPROFILE,user-profile
2972,userspec,user-spec
2973,userspecified,user-specified
2974,userstyles,user-styles
2975,usingval,using-val
2976,versionNumber,version-number
2977,VersionVMS,version-vms
2978,VerString,ver-string
2979,VisitedLink,visited-link
2980,VMSbox,vms-box
2981,VMSdir,vms-dir
2982,VMSentry,vms-entry
2983,VMSEntryInfo,vms-entry-info
2984,vmserrno,vms-error-no
2985,VMSexit,vms-exit
2986,VMSHelp,vms-help
2987,VMSized,vm-sized
2988,VMSLogical,vms-logical
2989,VMSMailItemList,vms-mail-item-list
2990,vmsname,vms-name
2991,VMSsignal,vms-signal
2992,VMSVersion,vms-version
2993,vmssys,vms-sys
2994,VMTotal,vm-total
2995,VMType,vm-type
2996,voidfunc,void-func
2997,WAISDocumentCodes,wais-document-codes
2998,WAISDocumentHeader,wais-document-header
2999,WAISDocumentHeadlines,wais-document-headlines
3000,WAISDocumentLongHeader,wais-document-long-header
3001,WAISDocumentShortHeader,wais-document-short-header
3002,WAISDocumentText,wais-document-text
3003,WAISInitResponse,wais-init-response
3004,WAISMessage,wais-message
3005,WAISSearch,wais-search
3006,WAISSearchResponse,wais-search-response
3007,WaitForSingleObject,wait-for-single-object
3008,waitstat,wait-stat
3009,WasInterrupted,was-interrupted
3010,watchpoints,watch-points
3011,whichRecall,which-recall
3012,whitespace,white-space
3013,willDelete,will-delete
3014,willPresent,will-present
3015,willSearch,will-search
3016,WinCancelShutdown,win-cancel-shut-down
3017,WinCloseClipbrd,win-close-clipbrd
3018,WinCreateMsgQueue,win-create-msg-queue
3019,WinCyrillic,win-cyrillic
3020,WinDestroyMsgQueue,win-destroy-msg-queue
3021,WinGreek,win-greek
3022,WinHebrew,win-hebrew
3023,WinInitialize,win-initialize
3024,WinLatin,win-latin
3025,winsize,win-size
3026,winsock,win-sock
3027,wordWrap,word-wrap
3028,workhorse,work-horse
3029,WorkingNotes,working-notes
3030,WorldWideWeb,world-wide-web
3031,wrapalert,wrap-alert
3032,WrapSource,wrap-source
3033,writeAny,write-any
3034,writeBinaryInteger,write-binary-integer
3035,writeBitMap,write-bitmap
3036,writeBoolean,write-boolean
3037,writeByte,write-byte
3038,writeCompressedInteger,write-compressed-integer
3039,writeCompressedIntWithPadding,write-compressed-int-with-padding
3040,writeDiag,write-diag
3041,writeDocObj,write-doc-obj
3042,writefds,write-f-ds
3043,writeInitResponseAPDU,write-init-response-a-pdu
3044,writeInitResponseInfo,write-init-response-info
3045,writeNum,write-num
3046,writePDUType,write-pdu-type
3047,writePos,write-pos
3048,writePresentInfo,write-present-info
3049,writePresentResponseInfo,write-present-response-info
3050,writeProtocolVersion,write-protocol-version
3051,writeQuery,write-query
3052,writeQueryTerm,write-query-term
3053,writeSearchAPDU,write-search-a-pdu
3054,writeSearchInfo,write-search-info
3055,writeSearchResponseAPDU,write-search-response-a-pdu
3056,writeSearchResponseInfo,write-search-response-info
3057,writeString,write-string
3058,writeTag,write-tag
3059,writeUserInfoHeader,write-user-info-header
3060,writeWAISDocumentCodes,write-wais-document-codes
3061,writeWAISDocumentHeader,write-wais-document-header
3062,writeWAISDocumentHeadlines,write-wais-document-headlines
3063,writeWAISDocumentLongHeader,write-wais-document-long-header
3064,writeWAISDocumentShortHeader,write-wais-document-short-header
3065,writeWAISDocumentText,write-wais-document-text
3066,writeWAISPacketHeader,write-wais-packet-header
3067,writtenAnySize,written-any-size
3068,writtenCompressedBinIntSize,written-compressed-bin-int-size
3069,writtenCompressedIntSize,written-compressed-int-size
3070,writtenNumSize,written-num-size
3071,writtenStringSize,written-string-size
3072,writtenTagSize,written-tag-size
3073,WSACleanup,wsa-cleanup
3074,WSAData,wsa-data
3075,WSAGetLastError,wsa-get-last-error
3076,WSASetLastError,wsa-set-last-error
3077,WSAStartup,wsa-startup
3078,wwwdoc,www-doc
3079,wwwfile,www-file
3080,WWWLib,www-lib
3081,wwwname,www-name
3082,wwwteam,www-team
3083,WWWuser,www-user
3084,XLOADIMAGE,xload-image
3085,XLoadImageCommand,xload-image-command