w-0,w0
qc-nfd,qc_nfd
p-f,pf
fire-break-point-created,fire-breakpoint-created
add-attribute-with-builtin-algorithm-data,add-attribute-with-built-in-algorithm-data
autowired-annotation-types,auto-wired-annotation-types
pm,p-m
drop-down-popup,dropdown-popup
yychar,yy-char
b-2,b2
task-duration5-units,task-duration-5-units
ca,c-a
unenlisted,un-enlisted
foreach-loop,for-each-loop
s-b,sb
many-to-many-owner-side-entity-name,many-to-many-owners-ide-entity-name
forecolor,fore-color
apr-any-addr,apr-anyaddr
l-path,lpath
g-d,gd
over-write-text,overwrite-text
b4-posn,b-4-posn
c4,c-4
get-cool-bar-manager-2,get-cool-bar-manager2
projec-thelper,project-helper
get-remote-file-support,get-remotefile-support
go-monitor-deadlock,go-monitor-dead-lock
case247-line961,case-247-line-961
show-view-menu-action,show-view-menua-ction
ce,c-e
b-e,be
fixnum-node,fix-num-node
yui-loader,y-ui-loader
set-proxy-2-cjc-report,set-proxy-2-cjcre-port
trans-form-key-kode,transform-key-kode
phys-type,p-hys-type
froms,from-s
address-break-point-type,address-breakpoint-type
ant-editor-filter-internal-targets,anteditor-filter-internal-targets
strip-out-line-visible,strip-outline-visible
ntype,n-type
case-226-line-907,case226-line907
lreturn,l-return
f-y,fy
subid-bt-bit-field,subid-bt-bitfield
p-i,pi
lparen-int,lparen_int
legacy-editor-action-bare-xpression,legacy-editor-action-bar-expression
dash-arg-database,dasharg-database
img-dec-field-error-quick-fix,img-dec-field-error-quickfix
b1,b-1
b-a,ba
table-sub-dataset,table-subdataset
short-circuit,shortcircuit
java-editor-preference-page-java-doc-html-tags,java-editor-preference-page-javadoc-html-tags
get-readonly,getread-only
case-478-line-1827,case478-line1827
grant_node,grant-node
id-ref-name,idref-name
readline-console,read-line-console
f-temp-current-element,ftemp-current-element
cparent,c-parent
write-over,writeover
quoted-filename,quoted-file-name
internal-static-com-google-gwt-dev-shell-remoteui-message-failure-field-accessor-table,internal-static-com-google-gwt-dev-shell-remote ui-message-failure-field-accessor-table
soap12-name,soap1-2-name
sub-routine,subroutine
updown-select,up-down-select
set-catalogs-inprivilege-definitions,set-catalogs-in-privilege-definitions
d-b,db
c2,c-2
zx,z-x
view-parentfolder,view-parent-folder
get-naviview-expanded,get-navi-view-expanded
defaul-tnetwork-connector-name,default-network-connector-name
e-4,e4
f-x,fx
v-host,vhost
case-478-line-1817,case478-line1817
get-bug-tracking-connectors,get-bugtracking-connectors
elements-to-refresh,element-store-fresh
is-rowselected,is-rows-elected
st-node-registration-status,st_node-registration-status
get-number-of-imports-removed,ge-tnumber-of-imports-removed
b-9,b9
autocomplete-quotes-after-equal-sign,auto-complete-quotes-after-equal-sign
on-export-filename-browse-click,on-export-file-name-browse-click
lv,l-v
good-ping-in-millisec,good-ping-in-milli-sec
j2,j-2
b-c,bc
recompute-drop-down-items,recompute-dropdown-items
append-sometimes-read-only,append-sometimes-readonly
content-extensions,contentext-ensions
wm_command,wm-command
default-ws-import-options,default-wsimport-options
case301-line1154,case-301-line-1154
xa-rbtimeout,xa-rb-timeout
codepoint-mask,code-point-mask
mbean-server-delegate,m-bean-server-delegate
argument-password-short-form,argument-password-shortform
local-id,localid
getmechstr,get-mech-str
att-list-decl,attlist-decl
sastore,sa-store
sql-dta-rd,sqldtard
b5,b-5
subvector,sub-vector
ref-list,reflist
aa,a-a
define-all,defin-eall
is-archetype-ng,is-archetyp-eng
cout,c-out
un-expand-line,unexpand-line
tinfo,t-info
ucs-mark-todo,ucs-marktodo
require-cancel-sct,require-cancels-ct
orig-byte-code-field,orig-bytecode-field
subcontract,sub-contract
has-bootclasspath,has-boot-classpath
j1,j-1
fname-token,fname_token
attribute-table,attributetable
inscope-namespace,in-scope-namespace
metadata-reference,meta-data-reference
remove-custom-column-to-all-nested-task,remove-customcolumn-to-all-nested-task
triggered-itor-activation-event,trigger-editor-activation-event
life_time,life-time
project-id-s,project-ids
case-226-line-896,case226-line896
form-move2,form-move-2
aalcdv-rgb,aal-cdv-rgb
ds-simp-page-title,dss-imp-page-title
g-s,gs
imap-sasl-authorization-id,imap-sasl-authorizationid
subfault,sub-fault
option-report-fallthrough-case,option-report-fall-through-case
set-rollof-factor,set-roll-of-factor
case176-line722,case-176-line-722
g-report,greport
builtin-encoding-algorithm-state,built-in-encoding-algorithm-state
get-countlock,get-count-lock
localizable-webservice-ap-invalid-handlerchain-file-nohandler-config,localizable-web-service-ap-invalid-handler-chain-file-no-handler-config
app-client-args,appclient-args
zy,z-y
c-h,ch
qc-nfc,qc_nfc
cast-class-cast-exception-cannot-cast-0-as-1-1,cast-classcastexception-cannot-cast-0-as-1-1
set-fallback,set-fall-back
set-timeout,set-time-out
tag-handler-class-name,tag-handler-classname
respons-eval,response-val
c-f,cf
extract-supertype-processor-computing-possible-types,extract-super-typep-rocessor-computing-possible-types
m-2,m2
po,p-o
w-a,wa
support-smulticast-0,supports-multicast-0
cc,c-c
derivedfrom,derived-from
a-e,ae
handle-rpc,handler-pc
old-type-node,old-typenode
collect19,collect-19
key-store-name,keystore-name
c-b,cb
life-cycle-results,lifecycle-results
